,EDAD,GENERO,RESIDENCIA,NV_ESTUDIO,ESTUDIO_PREV,TRACK_DH,AVG_DH,MINUTES_DH,EXPERIENCIA,
0,43,MASCULINO,ARGENTINA,POST_GRADUATE,ENGINEERING,PROGRAMACION,3.8,4557.9,,
1,42,FEMENINO,BRAZIL,UNIVERSITARY,COMMERCIAL,DATA,3.5,4656.2,25.6,
2,35,FEMENINO,ARGENTINA,UNIVERSITARY,DEVELOPMENT,,4,4695.2,19,
3,35,,MEXICO,TERTIARY,DEVELOPMENT,MARKETING,4.1,4778.2,18.4,
4,36,MASCULINO,,POST_GRADUATE,COMMERCIAL,PROGRAMACION,4,4722.3,19.1,
5,26,MASCULINO,ARGENTINA,,ENGINEERING,,3.7,,2.7,
6,20,MASCULINO,BRAZIL,POST_GRADUATE,ENGINEERING,,3.6,,0.5,
7,37,FEMENINO,ARGENTINA,POST_GRADUATE,MARKETING,PROGRAMACION,3.3,4349,21.5,
8,37,FEMENINO,BRAZIL,,DEVELOPMENT,,3.2,4368.1,21.6,
9,,,BRAZIL,UNIVERSITARY,ENGINEERING,,3.7,4711.8,26,
10,33,FEMENINO,BRAZIL,UNIVERSITARY,ENGINEERING,MARKETING,3.1,,14.4,
11,35,FEMENINO,BRAZIL,TERTIARY,ENGINEERING,MARKETING,4,4757.6,18.5,
12,34,FEMENINO,ARGENTINA,TERTIARY,ENGINEERING,MARKETING,3,,15.8,
13,35,MASCULINO,ARGENTINA,TERTIARY,ENGINEERING,PROGRAMACION,,4664.7,18,
14,35,,ARGENTINA,TERTIARY,ENGINEERING,DATA,3.1,4046.1,,
15,38,MASCULINO,ARGENTINA,UNIVERSITARY,ENGINEERING,PROGRAMACION,3.1,4067.8,23.4,
16,34,FEMENINO,MEXICO,POST_GRADUATE,DEVELOPMENT,EJECUTIVO,4.2,4863.2,15.5,
17,,MASCULINO,ARGENTINA,UNIVERSITARY,MARKETING,DATA,3.3,,,
18,31,FEMENINO,ARGENTINA,TERTIARY,DEVELOPMENT,DATA,3.5,4573.7,10.5,
19,35,FEMENINO,,POST_GRADUATE,ENGINEERING,PROGRAMACION,3.3,4506.1,17.5,
20,40,FEMENINO,MEXICO,POST_GRADUATE,BUSINESS,PROGRAMACION,3.7,4643.5,25.9,
21,,MASCULINO,,UNIVERSITARY,,PROGRAMACION,3.1,4051.1,26.6,
22,41,MASCULINO,ARGENTINA,,COMMERCIAL,MARKETING,3.4,4632.6,28.1,
23,32,MASCULINO,,POST_GRADUATE,ENGINEERING,PROGRAMACION,3.9,4722.8,12.8,
24,37,FEMENINO,ARGENTINA,UNIVERSITARY,MARKETING,PROGRAMACION,3.4,4513.3,19.8,
25,,FEMENINO,BRAZIL,UNIVERSITARY,ENGINEERING,PROGRAMACION,3.4,,,
26,42,MASCULINO,ARGENTINA,TERTIARY,COMMERCIAL,DATA,3.6,4553.8,27.9,
27,,MASCULINO,ARGENTINA,UNIVERSITARY,,EJECUTIVO,,3570.7,9.7,
28,32,MASCULINO,,UNIVERSITARY,ENGINEERING,,3.6,,13.5,
29,24,FEMENINO,BRAZIL,POST_GRADUATE,COMMERCIAL,DATA,3.5,4506.9,4,
30,,MASCULINO,ARGENTINA,UNIVERSITARY,ENGINEERING,PROGRAMACION,4.2,4914.4,17.6,
31,30,FEMENINO,BRAZIL,UNIVERSITARY,ENGINEERING,PROGRAMACION,4,4695.5,10.8,
32,36,FEMENINO,MEXICO,,ENGINEERING,PROGRAMACION,3,3834.3,20.1,
33,,FEMENINO,BRAZIL,UNIVERSITARY,,,3.3,,11.2,
34,38,MASCULINO,ARGENTINA,UNIVERSITARY,MARKETING,PROGRAMACION,3.3,4461.9,22.7,
35,40,,BRAZIL,UNIVERSITARY,,DATA,3.2,4241,,
36,,FEMENINO,MEXICO,,ENGINEERING,MARKETING,3.4,,23,
37,41,FEMENINO,MEXICO,UNIVERSITARY,,PROGRAMACION,3.5,4550.4,26.7,
38,,,MEXICO,UNIVERSITARY,COMMERCIAL,DATA,3.5,4611.6,7,
39,,MASCULINO,ARGENTINA,UNIVERSITARY,COMMERCIAL,,,4601.1,9.7,
40,42,MASCULINO,ARGENTINA,POST_GRADUATE,DEVELOPMENT,,,3198.1,27.2,
41,39,MASCULINO,,UNIVERSITARY,COMMERCIAL,DATA,,,24.5,
42,,FEMENINO,ARGENTINA,,DEVELOPMENT,DATA,4,4802.2,7.9,
43,30,,ARGENTINA,UNIVERSITARY,DEVELOPMENT,PROGRAMACION,4.3,5056.6,,
44,,FEMENINO,MEXICO,UNIVERSITARY,COMMERCIAL,MARKETING,3.8,4716.5,19.8,
45,,MASCULINO,BRAZIL,UNIVERSITARY,,PROGRAMACION,4.5,5754.9,28.1,
46,,,,TERTIARY,DEVELOPMENT,DATA,3.1,4103.2,4.6,
47,40,MASCULINO,BRAZIL,POST_GRADUATE,ENGINEERING,,3.2,4392.6,24.4,
48,34,FEMENINO,ARGENTINA,,COMMERCIAL,PROGRAMACION,3.8,,15.7,
49,38,MASCULINO,ARGENTINA,UNIVERSITARY,ENGINEERING,DATA,3.6,,21.4,
50,30,MASCULINO,BRAZIL,UNIVERSITARY,ENGINEERING,PROGRAMACION,3.8,4639,,
51,29,MASCULINO,ARGENTINA,TERTIARY,ENGINEERING,,4,4626.2,,
52,38,MASCULINO,ARGENTINA,,ENGINEERING,DATA,4.1,4791.7,22.6,
53,36,MASCULINO,,TERTIARY,,,3.5,4576.4,20.8,
54,30,MASCULINO,BRAZIL,POST_GRADUATE,DEVELOPMENT,PROGRAMACION,3.8,4661.1,9.4,
55,34,MASCULINO,MEXICO,,,,3.3,4387.5,16.6,
56,27,,,,ENGINEERING,PROGRAMACION,3.7,4700.9,5.6,
57,37,MASCULINO,ARGENTINA,UNIVERSITARY,ENGINEERING,,3.6,4689.1,20.2,
58,32,,BRAZIL,UNIVERSITARY,COMMERCIAL,DATA,3,3780.3,,
59,43,FEMENINO,ARGENTINA,UNIVERSITARY,MARKETING,,3,3829.8,27.9,
60,,MASCULINO,ARGENTINA,UNIVERSITARY,COMMERCIAL,PROGRAMACION,3.4,,19.8,
61,33,FEMENINO,ARGENTINA,POST_GRADUATE,ENGINEERING,DATA,,3857,,
62,,FEMENINO,MEXICO,,ENGINEERING,EJECUTIVO,,2933.2,,
63,28,FEMENINO,BRAZIL,POST_GRADUATE,,EJECUTIVO,3.3,4537.2,7.2,
64,38,FEMENINO,ARGENTINA,UNIVERSITARY,BUSINESS,DATA,3.1,4197.5,23.4,
65,25,MASCULINO,ARGENTINA,POST_GRADUATE,ENGINEERING,MARKETING,3.2,,2.5,
66,29,MASCULINO,ARGENTINA,,MARKETING,PROGRAMACION,3.5,4584.6,9.3,
67,27,MASCULINO,ARGENTINA,UNIVERSITARY,DEVELOPMENT,DATA,3.3,4524.9,6.5,
68,31,MASCULINO,BRAZIL,TERTIARY,COMMERCIAL,PROGRAMACION,3.2,4243,,
69,39,MASCULINO,ARGENTINA,POST_GRADUATE,ENGINEERING,,4.2,4963.9,23.8,
70,29,MASCULINO,ARGENTINA,UNIVERSITARY,MARKETING,MARKETING,3.4,4578.2,7.6,
71,30,MASCULINO,BRAZIL,UNIVERSITARY,MARKETING,PROGRAMACION,3.2,4348.6,8.9,
72,25,MASCULINO,,UNIVERSITARY,BUSINESS,,,4649.5,3.2,
73,27,MASCULINO,ARGENTINA,POST_GRADUATE,COMMERCIAL,,,,4.3,
74,33,MASCULINO,BRAZIL,TERTIARY,ENGINEERING,DATA,3.2,4277.1,15.9,
75,46,MASCULINO,MEXICO,POST_GRADUATE,ENGINEERING,PROGRAMACION,2.5,2023.2,29.8,
76,37,MASCULINO,,,COMMERCIAL,DATA,3.9,4672.7,,
77,37,FEMENINO,ARGENTINA,POST_GRADUATE,ENGINEERING,PROGRAMACION,3.7,4633.9,,
78,38,FEMENINO,ARGENTINA,,ENGINEERING,EJECUTIVO,3.8,4571.6,,
79,33,MASCULINO,,UNIVERSITARY,DEVELOPMENT,DATA,4,,15.9,
80,,FEMENINO,ARGENTINA,UNIVERSITARY,COMMERCIAL,,3.6,4740.8,23.5,
81,35,FEMENINO,ARGENTINA,POST_GRADUATE,,DATA,,,17.9,
82,36,MASCULINO,BRAZIL,UNIVERSITARY,,DATA,3.3,4422.6,17.7,
83,35,MASCULINO,BRAZIL,,DEVELOPMENT,DATA,3.5,4618.8,,
84,34,MASCULINO,ARGENTINA,,DEVELOPMENT,DATA,3.2,4402.5,,
85,25,MASCULINO,BRAZIL,UNIVERSITARY,,DATA,3.3,4415.6,3.3,
86,43,MASCULINO,,UNIVERSITARY,COMMERCIAL,PROGRAMACION,,3958.2,28.5,
87,34,FEMENINO,BRAZIL,TERTIARY,ENGINEERING,MARKETING,3.6,,16.1,
88,27,MASCULINO,,UNIVERSITARY,COMMERCIAL,DATA,2.9,3482.3,4.6,
89,30,MASCULINO,ARGENTINA,UNIVERSITARY,ENGINEERING,,3.3,4521,10.4,
90,38,FEMENINO,BRAZIL,POST_GRADUATE,ENGINEERING,PROGRAMACION,3.5,4700,21.5,
91,34,FEMENINO,ARGENTINA,TERTIARY,DEVELOPMENT,DATA,3.7,4562.5,16.4,
92,23,MASCULINO,,UNIVERSITARY,BUSINESS,PROGRAMACION,,5036.4,2.2,
93,28,MASCULINO,ARGENTINA,TERTIARY,DEVELOPMENT,PROGRAMACION,3.3,4460.2,7.5,
94,41,FEMENINO,BRAZIL,,ENGINEERING,PROGRAMACION,,,26.6,
95,35,,ARGENTINA,POST_GRADUATE,,MARKETING,3.1,4110.3,17.5,
96,33,MASCULINO,MEXICO,TERTIARY,ENGINEERING,PROGRAMACION,3.4,4487.2,14.4,
97,31,MASCULINO,ARGENTINA,UNIVERSITARY,,DATA,3.3,4525.6,12.6,
98,38,MASCULINO,ARGENTINA,UNIVERSITARY,MARKETING,,3,3882.9,,
99,34,MASCULINO,MEXICO,UNIVERSITARY,ENGINEERING,DATA,,4465.7,15.6,
100,37,MASCULINO,ARGENTINA,UNIVERSITARY,,MARKETING,3.8,4691.5,,
101,,FEMENINO,ARGENTINA,POST_GRADUATE,DEVELOPMENT,MARKETING,3.3,4434,1.9,
102,33,MASCULINO,ARGENTINA,UNIVERSITARY,ENGINEERING,PROGRAMACION,3.8,4610.1,13.7,
103,,MASCULINO,ARGENTINA,TERTIARY,DEVELOPMENT,,3.6,4699,12.8,
104,33,MASCULINO,ARGENTINA,POST_GRADUATE,ENGINEERING,DATA,,,,
105,37,MASCULINO,MEXICO,UNIVERSITARY,DEVELOPMENT,EJECUTIVO,3.8,4751.3,22,
106,32,FEMENINO,ARGENTINA,UNIVERSITARY,ENGINEERING,,3.3,4413.7,13.4,
107,35,FEMENINO,ARGENTINA,UNIVERSITARY,,EJECUTIVO,3.6,,18.3,
108,30,,ARGENTINA,UNIVERSITARY,DEVELOPMENT,DATA,,4674.9,9,
109,33,MASCULINO,ARGENTINA,UNIVERSITARY,COMMERCIAL,PROGRAMACION,3.4,4479.7,,
110,30,FEMENINO,ARGENTINA,POST_GRADUATE,ENGINEERING,DATA,3,3838.1,,
111,37,FEMENINO,ARGENTINA,POST_GRADUATE,ENGINEERING,PROGRAMACION,3.4,4473.6,21.2,
112,39,MASCULINO,,TERTIARY,DEVELOPMENT,DATA,2.7,2956.2,23.2,
113,33,FEMENINO,MEXICO,TERTIARY,ENGINEERING,MARKETING,3.7,4634.5,13.6,
114,31,MASCULINO,MEXICO,POST_GRADUATE,,MARKETING,3.3,4414,10.2,
115,37,FEMENINO,ARGENTINA,UNIVERSITARY,ENGINEERING,DATA,3.2,,20.9,
116,27,FEMENINO,MEXICO,POST_GRADUATE,DEVELOPMENT,PROGRAMACION,,4242.7,6.7,
117,29,MASCULINO,ARGENTINA,UNIVERSITARY,COMMERCIAL,,3.5,4665.5,8.7,
118,40,MASCULINO,BRAZIL,POST_GRADUATE,BUSINESS,EJECUTIVO,2.9,3497.1,,
119,24,,ARGENTINA,UNIVERSITARY,DEVELOPMENT,PROGRAMACION,4.3,5142.6,0.9,
120,39,FEMENINO,MEXICO,UNIVERSITARY,ENGINEERING,PROGRAMACION,3.2,4293.5,23,
121,28,,,,,MARKETING,3.5,4685,7.2,
122,,MASCULINO,MEXICO,UNIVERSITARY,,PROGRAMACION,3.2,4358.3,14.3,
123,37,MASCULINO,ARGENTINA,UNIVERSITARY,ENGINEERING,DATA,3.1,4204.1,21.6,
124,32,MASCULINO,ARGENTINA,UNIVERSITARY,ENGINEERING,PROGRAMACION,4.2,5020.9,13.9,
125,33,FEMENINO,ARGENTINA,UNIVERSITARY,DEVELOPMENT,MARKETING,3.5,,15.5,
126,34,FEMENINO,ARGENTINA,UNIVERSITARY,ENGINEERING,DATA,3.6,4578.6,15.9,
127,34,MASCULINO,MEXICO,UNIVERSITARY,ENGINEERING,MARKETING,3.9,4658,17.5,
128,38,FEMENINO,ARGENTINA,POST_GRADUATE,ENGINEERING,PROGRAMACION,2.8,3256.1,21.7,
129,24,MASCULINO,ARGENTINA,UNIVERSITARY,ENGINEERING,EJECUTIVO,3.6,,1.5,
130,40,,ARGENTINA,POST_GRADUATE,ENGINEERING,PROGRAMACION,3.9,4769.5,24.5,
131,33,MASCULINO,ARGENTINA,UNIVERSITARY,,,3.3,4402,14.5,
132,,MASCULINO,BRAZIL,TERTIARY,ENGINEERING,DATA,3.7,,,
133,30,FEMENINO,ARGENTINA,UNIVERSITARY,COMMERCIAL,DATA,3.7,,10.4,
134,27,MASCULINO,BRAZIL,,DEVELOPMENT,PROGRAMACION,3.5,4609.2,5.5,
135,35,MASCULINO,BRAZIL,UNIVERSITARY,DEVELOPMENT,PROGRAMACION,,4853.7,17.4,
136,34,MASCULINO,,UNIVERSITARY,,DATA,,4465.2,,
137,,MASCULINO,,POST_GRADUATE,COMMERCIAL,MARKETING,4,4679.6,13.8,
138,31,FEMENINO,ARGENTINA,UNIVERSITARY,ENGINEERING,PROGRAMACION,3.9,,10.6,
139,47,MASCULINO,ARGENTINA,UNIVERSITARY,,DATA,3.7,4611.7,30.3,
140,,MASCULINO,ARGENTINA,POST_GRADUATE,ENGINEERING,MARKETING,3.1,4073.1,,
141,39,MASCULINO,ARGENTINA,TERTIARY,,PROGRAMACION,3.4,4578,,
142,37,MASCULINO,,,COMMERCIAL,PROGRAMACION,,,21.3,
143,33,,,UNIVERSITARY,MARKETING,MARKETING,3.2,4212.4,,
144,27,FEMENINO,MEXICO,TERTIARY,,DATA,,3583.7,4.2,
145,,,,POST_GRADUATE,ENGINEERING,,3.9,4645.2,10.4,
146,33,MASCULINO,ARGENTINA,UNIVERSITARY,ENGINEERING,PROGRAMACION,3.4,4541.8,15.9,
147,38,FEMENINO,,UNIVERSITARY,,,,1662.1,,
148,32,FEMENINO,ARGENTINA,TERTIARY,ENGINEERING,DATA,4.2,5032,13.3,
149,30,,,,DEVELOPMENT,EJECUTIVO,3.5,4585.5,9.4,
150,,MASCULINO,MEXICO,UNIVERSITARY,DEVELOPMENT,DATA,3.3,4443.2,10.6,
151,36,FEMENINO,,UNIVERSITARY,COMMERCIAL,PROGRAMACION,3.5,4566.1,18.7,
152,41,MASCULINO,MEXICO,,ENGINEERING,MARKETING,3.4,4578.6,25.8,
153,33,MASCULINO,,UNIVERSITARY,ENGINEERING,DATA,3.6,4680.8,15.7,
154,39,FEMENINO,ARGENTINA,TERTIARY,BUSINESS,DATA,3.7,,24.4,
155,31,MASCULINO,ARGENTINA,TERTIARY,ENGINEERING,DATA,3.7,,12.5,
156,,MASCULINO,ARGENTINA,,DEVELOPMENT,PROGRAMACION,3.8,4695.1,22.4,
157,34,MASCULINO,ARGENTINA,UNIVERSITARY,COMMERCIAL,,4.1,4757.1,,
158,36,FEMENINO,,UNIVERSITARY,COMMERCIAL,PROGRAMACION,3.5,4552.5,17.9,
159,,MASCULINO,MEXICO,UNIVERSITARY,COMMERCIAL,,3.6,4651,12.3,
160,31,MASCULINO,BRAZIL,TERTIARY,DEVELOPMENT,,4.3,5167.5,10,
161,32,,,,DEVELOPMENT,DATA,3.6,4679.4,,
162,33,MASCULINO,ARGENTINA,POST_GRADUATE,COMMERCIAL,DATA,4.2,4948.7,14,
163,33,MASCULINO,ARGENTINA,UNIVERSITARY,ENGINEERING,PROGRAMACION,,4515.2,13.8,
164,39,FEMENINO,,UNIVERSITARY,ENGINEERING,MARKETING,3.2,4252.9,23.1,
165,,,BRAZIL,POST_GRADUATE,DEVELOPMENT,DATA,3,3924.9,18.4,
166,28,MASCULINO,ARGENTINA,TERTIARY,ENGINEERING,PROGRAMACION,3.1,4173.9,8.6,
167,34,MASCULINO,ARGENTINA,POST_GRADUATE,DEVELOPMENT,DATA,3.4,4568,,
168,34,FEMENINO,ARGENTINA,POST_GRADUATE,COMMERCIAL,,3.2,4231.6,16.4,
169,32,,BRAZIL,TERTIARY,COMMERCIAL,DATA,3,3773.3,,
170,28,MASCULINO,ARGENTINA,,ENGINEERING,PROGRAMACION,3.7,4615.5,7.3,
171,33,,BRAZIL,POST_GRADUATE,DEVELOPMENT,DATA,3.8,,14.6,
172,37,MASCULINO,,UNIVERSITARY,,,4.5,,22.3,
173,31,MASCULINO,,UNIVERSITARY,ENGINEERING,DATA,3.7,4606.7,10.8,
174,34,MASCULINO,,POST_GRADUATE,DEVELOPMENT,EJECUTIVO,,4378.9,16.8,
175,29,MASCULINO,,UNIVERSITARY,DEVELOPMENT,MARKETING,3.1,4095.5,,
176,40,FEMENINO,BRAZIL,UNIVERSITARY,ENGINEERING,PROGRAMACION,3.1,4055.2,25.3,
177,35,,ARGENTINA,UNIVERSITARY,DEVELOPMENT,EJECUTIVO,,4670.5,18.1,
178,35,FEMENINO,ARGENTINA,UNIVERSITARY,ENGINEERING,DATA,3.9,4579.1,19,
179,31,,,UNIVERSITARY,DEVELOPMENT,DATA,4,4777.7,12,
180,42,MASCULINO,BRAZIL,UNIVERSITARY,,PROGRAMACION,3.2,4314.7,25.7,
181,33,FEMENINO,BRAZIL,UNIVERSITARY,COMMERCIAL,PROGRAMACION,4.1,4894.4,14,
182,27,FEMENINO,ARGENTINA,TERTIARY,DEVELOPMENT,DATA,3.1,4080,3.9,
183,28,MASCULINO,BRAZIL,UNIVERSITARY,ENGINEERING,DATA,3.8,4566.7,,
184,36,MASCULINO,BRAZIL,UNIVERSITARY,ENGINEERING,,3.7,4625.1,19.1,
185,31,FEMENINO,ARGENTINA,UNIVERSITARY,MARKETING,,3.5,4686.8,,
186,25,FEMENINO,,UNIVERSITARY,ENGINEERING,DATA,4.1,4783.8,4.2,
187,36,FEMENINO,,POST_GRADUATE,ENGINEERING,EJECUTIVO,,,19.7,
188,33,MASCULINO,BRAZIL,UNIVERSITARY,DEVELOPMENT,DATA,3.8,4712.5,15.7,
189,47,MASCULINO,,UNIVERSITARY,,DATA,,4054.8,,
190,36,,BRAZIL,TERTIARY,ENGINEERING,DATA,2.9,3618.5,20,
191,35,MASCULINO,BRAZIL,UNIVERSITARY,DEVELOPMENT,MARKETING,3.2,4370.2,18.7,
192,29,MASCULINO,BRAZIL,UNIVERSITARY,DEVELOPMENT,,3.7,4672.1,10,
193,30,MASCULINO,BRAZIL,UNIVERSITARY,BUSINESS,PROGRAMACION,4.1,4870.9,11.2,
194,36,MASCULINO,ARGENTINA,,BUSINESS,,,,,
195,35,,ARGENTINA,POST_GRADUATE,,MARKETING,3.8,,18.6,
196,31,MASCULINO,BRAZIL,UNIVERSITARY,ENGINEERING,EJECUTIVO,3.1,,11,
197,,MASCULINO,MEXICO,POST_GRADUATE,ENGINEERING,DATA,3.2,4373.4,26.3,
198,26,MASCULINO,,UNIVERSITARY,ENGINEERING,,3.5,4525.8,4.2,
199,,FEMENINO,BRAZIL,UNIVERSITARY,ENGINEERING,MARKETING,3.1,4149.3,23.5,
200,34,MASCULINO,BRAZIL,UNIVERSITARY,,PROGRAMACION,3.5,4550.6,,
201,34,MASCULINO,ARGENTINA,TERTIARY,COMMERCIAL,MARKETING,3.7,4675.3,15.6,
202,34,MASCULINO,ARGENTINA,UNIVERSITARY,COMMERCIAL,PROGRAMACION,3.4,4597.9,18.1,
203,,,ARGENTINA,UNIVERSITARY,COMMERCIAL,PROGRAMACION,3,,8.5,
204,33,MASCULINO,BRAZIL,UNIVERSITARY,DEVELOPMENT,MARKETING,3.7,,14.3,
205,43,MASCULINO,ARGENTINA,UNIVERSITARY,,PROGRAMACION,3.6,4607.4,,
206,,FEMENINO,,,COMMERCIAL,,3.5,4566.4,,
207,,MASCULINO,,UNIVERSITARY,COMMERCIAL,DATA,3.3,4470.8,25.7,
208,36,MASCULINO,,TERTIARY,ENGINEERING,PROGRAMACION,4.2,4999.1,20.6,
209,35,MASCULINO,,UNIVERSITARY,ENGINEERING,EJECUTIVO,4.7,6359,,
210,38,MASCULINO,MEXICO,,BUSINESS,PROGRAMACION,3.8,4733.8,21.3,
211,,MASCULINO,,UNIVERSITARY,DEVELOPMENT,MARKETING,3.3,,3.2,
212,43,MASCULINO,ARGENTINA,POST_GRADUATE,DEVELOPMENT,,3.3,,27.5,
213,,FEMENINO,ARGENTINA,UNIVERSITARY,,PROGRAMACION,3.1,,19.8,
214,35,MASCULINO,ARGENTINA,TERTIARY,MARKETING,EJECUTIVO,3.2,4233,19.2,
215,38,FEMENINO,ARGENTINA,,ENGINEERING,PROGRAMACION,3.6,4653.7,22,
216,29,FEMENINO,ARGENTINA,UNIVERSITARY,ENGINEERING,PROGRAMACION,,,7.1,
217,34,MASCULINO,ARGENTINA,,,MARKETING,4.1,4716,16.7,
218,32,MASCULINO,ARGENTINA,POST_GRADUATE,ENGINEERING,,3.7,4584.8,13,
219,44,,,UNIVERSITARY,,DATA,3.2,4371.8,27.5,
220,35,MASCULINO,MEXICO,UNIVERSITARY,ENGINEERING,PROGRAMACION,3.7,4692.6,18.4,
221,30,MASCULINO,,UNIVERSITARY,COMMERCIAL,DATA,3.5,4625.2,10.1,
222,25,FEMENINO,ARGENTINA,POST_GRADUATE,,DATA,3.5,4595.5,,
223,,MASCULINO,ARGENTINA,UNIVERSITARY,,,4.1,4882.3,21.7,
224,32,,BRAZIL,UNIVERSITARY,ENGINEERING,PROGRAMACION,3.3,,,
225,39,MASCULINO,ARGENTINA,,DEVELOPMENT,,3.7,4576.4,24.1,
226,16,FEMENINO,ARGENTINA,TERTIARY,DEVELOPMENT,PROGRAMACION,3.2,4287.1,0.4,
227,30,,,TERTIARY,COMMERCIAL,,4.3,5149.3,8.7,
228,,MASCULINO,,TERTIARY,ENGINEERING,DATA,3.8,4567.7,11.8,
229,,,BRAZIL,UNIVERSITARY,BUSINESS,PROGRAMACION,3.5,4697.1,,
230,32,,ARGENTINA,UNIVERSITARY,DEVELOPMENT,DATA,3.7,4647.9,13.8,
231,40,MASCULINO,MEXICO,UNIVERSITARY,ENGINEERING,PROGRAMACION,,2791.3,24.9,
232,,MASCULINO,ARGENTINA,UNIVERSITARY,ENGINEERING,MARKETING,,4697,20.9,
233,40,MASCULINO,ARGENTINA,UNIVERSITARY,DEVELOPMENT,DATA,3.4,4539,26.9,
234,35,FEMENINO,MEXICO,UNIVERSITARY,ENGINEERING,DATA,3.4,4500.4,18.6,
235,32,MASCULINO,BRAZIL,TERTIARY,DEVELOPMENT,,,,13.7,
236,39,MASCULINO,BRAZIL,UNIVERSITARY,ENGINEERING,DATA,3.4,,23.1,
237,32,MASCULINO,BRAZIL,TERTIARY,,PROGRAMACION,,4712,11.8,
238,,MASCULINO,,TERTIARY,,,,4225.6,4.2,
239,38,MASCULINO,ARGENTINA,,MARKETING,PROGRAMACION,3.5,4517.1,23.4,
240,,,,,COMMERCIAL,PROGRAMACION,4.2,4985.2,13.9,
241,29,FEMENINO,MEXICO,UNIVERSITARY,ENGINEERING,,3.2,4258.9,9.3,
242,26,MASCULINO,BRAZIL,POST_GRADUATE,COMMERCIAL,PROGRAMACION,3.5,4600.9,5.5,
243,34,MASCULINO,,UNIVERSITARY,ENGINEERING,EJECUTIVO,,5016.7,15.4,
244,43,MASCULINO,ARGENTINA,,DEVELOPMENT,DATA,4.2,4887.8,27.6,
245,,MASCULINO,,TERTIARY,,PROGRAMACION,3.2,4384.1,,
246,29,FEMENINO,ARGENTINA,UNIVERSITARY,,DATA,4.2,,9.3,
247,39,FEMENINO,ARGENTINA,POST_GRADUATE,,PROGRAMACION,3.2,4221,24.7,
248,29,,ARGENTINA,UNIVERSITARY,DEVELOPMENT,EJECUTIVO,3,3962.3,,
249,26,MASCULINO,MEXICO,,DEVELOPMENT,EJECUTIVO,3.6,4573.1,3.2,
250,35,MASCULINO,ARGENTINA,UNIVERSITARY,,PROGRAMACION,2.5,2151.9,18,
251,30,FEMENINO,ARGENTINA,UNIVERSITARY,COMMERCIAL,PROGRAMACION,4,4789.4,10.8,
252,32,MASCULINO,ARGENTINA,UNIVERSITARY,COMMERCIAL,DATA,,4658.9,11.4,
253,32,MASCULINO,BRAZIL,POST_GRADUATE,MARKETING,,4.1,4788.9,13.6,
254,35,,BRAZIL,UNIVERSITARY,ENGINEERING,PROGRAMACION,,4476.8,19.3,
255,28,,BRAZIL,TERTIARY,COMMERCIAL,PROGRAMACION,3.4,4501.9,5.9,
256,34,MASCULINO,MEXICO,UNIVERSITARY,ENGINEERING,EJECUTIVO,3.1,4029.6,16.5,
257,28,MASCULINO,BRAZIL,UNIVERSITARY,ENGINEERING,MARKETING,,3860.1,8.7,
258,27,MASCULINO,ARGENTINA,TERTIARY,COMMERCIAL,DATA,3.8,4751.1,5.1,
259,41,FEMENINO,ARGENTINA,,ENGINEERING,MARKETING,4.5,5602.3,26.7,
260,31,FEMENINO,ARGENTINA,UNIVERSITARY,ENGINEERING,DATA,3.9,4669.8,11.3,
261,35,MASCULINO,ARGENTINA,UNIVERSITARY,,DATA,2.6,2568.8,17.4,
262,34,MASCULINO,ARGENTINA,UNIVERSITARY,DEVELOPMENT,PROGRAMACION,,4556.6,16.3,
263,42,MASCULINO,ARGENTINA,UNIVERSITARY,ENGINEERING,DATA,2.5,2024,26.8,
264,24,,ARGENTINA,POST_GRADUATE,ENGINEERING,,3.7,4616.6,,
265,27,MASCULINO,,TERTIARY,BUSINESS,PROGRAMACION,3.9,4609.4,5.4,
266,29,MASCULINO,,UNIVERSITARY,BUSINESS,PROGRAMACION,,4256.2,9,
267,30,MASCULINO,ARGENTINA,POST_GRADUATE,COMMERCIAL,DATA,3.8,4559.2,9.6,
268,33,FEMENINO,MEXICO,UNIVERSITARY,DEVELOPMENT,DATA,3.9,,15.6,
269,,,ARGENTINA,UNIVERSITARY,COMMERCIAL,MARKETING,3.5,4553.4,8.8,
270,35,MASCULINO,ARGENTINA,UNIVERSITARY,DEVELOPMENT,PROGRAMACION,3.9,4671.1,17.5,
271,29,MASCULINO,ARGENTINA,POST_GRADUATE,ENGINEERING,MARKETING,3.3,4373.1,7.5,
272,32,MASCULINO,,UNIVERSITARY,ENGINEERING,,,4248.4,13.6,
273,26,MASCULINO,BRAZIL,UNIVERSITARY,ENGINEERING,PROGRAMACION,3.5,4655.1,4,
274,34,,ARGENTINA,POST_GRADUATE,MARKETING,DATA,,,16.8,
275,29,MASCULINO,,POST_GRADUATE,ENGINEERING,DATA,2.9,,10.1,
276,36,MASCULINO,BRAZIL,,,DATA,3.6,,18.7,
277,29,MASCULINO,MEXICO,UNIVERSITARY,DEVELOPMENT,MARKETING,3.8,4641.7,,
278,37,FEMENINO,ARGENTINA,UNIVERSITARY,COMMERCIAL,EJECUTIVO,4,4656.3,,
279,31,FEMENINO,,POST_GRADUATE,COMMERCIAL,EJECUTIVO,3.9,4755.1,,
280,27,MASCULINO,ARGENTINA,UNIVERSITARY,MARKETING,PROGRAMACION,3.6,4653,5.2,
281,33,FEMENINO,ARGENTINA,UNIVERSITARY,DEVELOPMENT,DATA,3.2,,14.7,
282,34,MASCULINO,,POST_GRADUATE,COMMERCIAL,DATA,3.5,4552.1,17.1,
283,,FEMENINO,BRAZIL,UNIVERSITARY,BUSINESS,PROGRAMACION,4.5,5613,9.2,
284,32,FEMENINO,,UNIVERSITARY,ENGINEERING,,4.4,5268.7,,
285,28,MASCULINO,ARGENTINA,UNIVERSITARY,DEVELOPMENT,,3.7,4745.4,,
286,35,MASCULINO,ARGENTINA,UNIVERSITARY,COMMERCIAL,PROGRAMACION,3.4,4605.7,17.5,
287,39,MASCULINO,ARGENTINA,,ENGINEERING,DATA,3.2,,24.2,
288,34,MASCULINO,ARGENTINA,UNIVERSITARY,ENGINEERING,EJECUTIVO,3.7,4714.6,,
289,37,MASCULINO,ARGENTINA,TERTIARY,DEVELOPMENT,MARKETING,3.1,4095.4,,
290,42,MASCULINO,ARGENTINA,UNIVERSITARY,ENGINEERING,,3,3904.1,27.4,
291,34,,,UNIVERSITARY,ENGINEERING,PROGRAMACION,3.4,4589,18.1,
292,38,FEMENINO,,TERTIARY,COMMERCIAL,MARKETING,3.7,4695.1,22.8,
293,41,MASCULINO,ARGENTINA,TERTIARY,DEVELOPMENT,DATA,3.9,4592.1,25.5,
294,37,MASCULINO,,UNIVERSITARY,,PROGRAMACION,3.5,4666.3,20.8,
295,29,FEMENINO,,UNIVERSITARY,MARKETING,,3.8,4573.8,7.6,
296,34,,MEXICO,UNIVERSITARY,ENGINEERING,DATA,4.2,4838.4,15.3,
297,36,MASCULINO,MEXICO,,DEVELOPMENT,PROGRAMACION,,,17.9,
298,,FEMENINO,ARGENTINA,UNIVERSITARY,ENGINEERING,PROGRAMACION,,,16.5,
299,33,FEMENINO,ARGENTINA,TERTIARY,ENGINEERING,DATA,3.4,4456.2,14.4,
300,,MASCULINO,ARGENTINA,UNIVERSITARY,ENGINEERING,PROGRAMACION,3.3,4360.8,15.8,
301,36,MASCULINO,MEXICO,POST_GRADUATE,ENGINEERING,PROGRAMACION,3.5,4604.9,,
302,,FEMENINO,ARGENTINA,UNIVERSITARY,,MARKETING,,4607.4,26.7,
303,,,ARGENTINA,UNIVERSITARY,DEVELOPMENT,DATA,3.2,4206.7,6.7,
304,36,,,UNIVERSITARY,ENGINEERING,PROGRAMACION,2.6,2486.7,19.3,
305,31,MASCULINO,BRAZIL,UNIVERSITARY,ENGINEERING,DATA,3.3,4461.6,11.1,
306,36,MASCULINO,BRAZIL,UNIVERSITARY,ENGINEERING,DATA,2.9,3532.3,19.7,
307,35,FEMENINO,BRAZIL,UNIVERSITARY,,EJECUTIVO,3.2,,18.8,
308,28,MASCULINO,BRAZIL,POST_GRADUATE,COMMERCIAL,,4,4716.8,7.3,
309,41,,ARGENTINA,UNIVERSITARY,MARKETING,,3.9,4772.7,26.4,
310,31,MASCULINO,ARGENTINA,UNIVERSITARY,DEVELOPMENT,DATA,2.5,2171.1,12.1,
311,34,,ARGENTINA,UNIVERSITARY,COMMERCIAL,PROGRAMACION,3.4,4593.6,16.9,
312,32,MASCULINO,,UNIVERSITARY,COMMERCIAL,,3.2,4289.9,,
313,37,MASCULINO,BRAZIL,TERTIARY,DEVELOPMENT,,3.5,4569.6,20.9,
314,36,FEMENINO,BRAZIL,UNIVERSITARY,ENGINEERING,DATA,,3959.4,21.2,
315,32,MASCULINO,BRAZIL,,COMMERCIAL,DATA,3.5,4596.6,13.8,
316,39,,,UNIVERSITARY,COMMERCIAL,EJECUTIVO,3.2,4329.4,22.7,
317,34,FEMENINO,ARGENTINA,POST_GRADUATE,DEVELOPMENT,PROGRAMACION,3.5,4508.9,15.8,
318,32,MASCULINO,ARGENTINA,UNIVERSITARY,ENGINEERING,PROGRAMACION,3.7,4668.6,,
319,32,MASCULINO,,POST_GRADUATE,ENGINEERING,PROGRAMACION,3,3914.7,13.4,
320,30,FEMENINO,MEXICO,TERTIARY,MARKETING,PROGRAMACION,3.3,4546.3,10.1,
321,31,FEMENINO,ARGENTINA,,,DATA,3.3,4363.4,10.9,
322,34,MASCULINO,ARGENTINA,UNIVERSITARY,COMMERCIAL,,3.1,4142,17.3,
323,29,FEMENINO,ARGENTINA,POST_GRADUATE,,,3.3,4388.1,7.5,
324,,FEMENINO,MEXICO,UNIVERSITARY,DEVELOPMENT,,3.8,4681.1,8.1,
325,,FEMENINO,ARGENTINA,UNIVERSITARY,BUSINESS,PROGRAMACION,4,4772.2,22.9,
326,34,MASCULINO,ARGENTINA,UNIVERSITARY,ENGINEERING,EJECUTIVO,3.6,,15.1,
327,39,,BRAZIL,UNIVERSITARY,DEVELOPMENT,,3.6,4691.7,23.6,
328,34,FEMENINO,ARGENTINA,TERTIARY,DEVELOPMENT,PROGRAMACION,,4402.2,16.6,
329,35,MASCULINO,BRAZIL,POST_GRADUATE,,DATA,3.7,4701.6,18,
330,35,MASCULINO,ARGENTINA,UNIVERSITARY,COMMERCIAL,PROGRAMACION,3.5,4573.9,17.4,
331,29,MASCULINO,ARGENTINA,TERTIARY,,PROGRAMACION,,4583.1,9.4,
332,34,MASCULINO,ARGENTINA,TERTIARY,COMMERCIAL,PROGRAMACION,3.1,4098.1,16.3,
333,33,MASCULINO,,UNIVERSITARY,ENGINEERING,MARKETING,,4697.5,15.2,
334,38,,ARGENTINA,,DEVELOPMENT,DATA,3.3,4481.1,21.5,
335,36,MASCULINO,MEXICO,UNIVERSITARY,COMMERCIAL,DATA,,4703.7,19.4,
336,36,,ARGENTINA,POST_GRADUATE,DEVELOPMENT,PROGRAMACION,,4439.4,19.8,
337,,MASCULINO,,UNIVERSITARY,ENGINEERING,PROGRAMACION,4.1,4758.1,14.4,
338,25,MASCULINO,ARGENTINA,POST_GRADUATE,ENGINEERING,,3.6,4568.4,3.8,
339,39,FEMENINO,BRAZIL,POST_GRADUATE,DEVELOPMENT,EJECUTIVO,3.5,4534.6,,
340,37,MASCULINO,,UNIVERSITARY,,DATA,3.7,4592.9,20.7,
341,36,FEMENINO,ARGENTINA,UNIVERSITARY,COMMERCIAL,PROGRAMACION,3.2,4391.3,19.8,
342,36,,ARGENTINA,POST_GRADUATE,ENGINEERING,,4,4737.5,19.9,
343,,MASCULINO,ARGENTINA,,ENGINEERING,PROGRAMACION,4,4654.6,,
344,27,FEMENINO,,UNIVERSITARY,ENGINEERING,,3.6,4643.6,4.4,
345,37,MASCULINO,MEXICO,POST_GRADUATE,,DATA,3.2,4232.8,20.9,
346,27,FEMENINO,MEXICO,UNIVERSITARY,MARKETING,,3.7,4599.9,6.7,
347,26,MASCULINO,MEXICO,UNIVERSITARY,COMMERCIAL,DATA,,4570.6,,
348,,MASCULINO,ARGENTINA,UNIVERSITARY,ENGINEERING,DATA,4.2,4873.1,30.4,
349,,MASCULINO,ARGENTINA,UNIVERSITARY,,PROGRAMACION,4,4811.9,,
350,41,,ARGENTINA,TERTIARY,ENGINEERING,DATA,3.7,,26.9,
351,39,MASCULINO,ARGENTINA,,,PROGRAMACION,4.1,4777.7,24.9,
352,34,MASCULINO,MEXICO,UNIVERSITARY,ENGINEERING,MARKETING,3.1,4166.6,15.6,
353,31,MASCULINO,BRAZIL,UNIVERSITARY,DEVELOPMENT,,3.2,4302.9,11.4,
354,42,FEMENINO,ARGENTINA,UNIVERSITARY,COMMERCIAL,PROGRAMACION,3.9,4651.7,27.5,
355,,FEMENINO,BRAZIL,UNIVERSITARY,COMMERCIAL,MARKETING,3,3861.9,18.9,
356,37,MASCULINO,ARGENTINA,UNIVERSITARY,COMMERCIAL,MARKETING,3.2,4255,21.6,
357,36,FEMENINO,ARGENTINA,TERTIARY,ENGINEERING,DATA,3.2,,19.1,
358,32,MASCULINO,MEXICO,,DEVELOPMENT,PROGRAMACION,3.5,4648.6,13,
359,,,,UNIVERSITARY,DEVELOPMENT,PROGRAMACION,3.5,4589.9,8,
360,39,MASCULINO,ARGENTINA,UNIVERSITARY,ENGINEERING,PROGRAMACION,3.6,4681.6,,
361,25,,BRAZIL,,ENGINEERING,DATA,3.5,4668.7,3.8,
362,34,MASCULINO,ARGENTINA,UNIVERSITARY,ENGINEERING,PROGRAMACION,3.6,4557.8,16,
363,25,MASCULINO,,UNIVERSITARY,,EJECUTIVO,4.1,4712.4,3.4,
364,32,FEMENINO,BRAZIL,UNIVERSITARY,,PROGRAMACION,3.7,4554.1,,
365,30,FEMENINO,ARGENTINA,POST_GRADUATE,DEVELOPMENT,PROGRAMACION,3.6,4700.3,,
366,44,MASCULINO,BRAZIL,UNIVERSITARY,ENGINEERING,DATA,3.8,4699.9,29.3,
367,31,MASCULINO,ARGENTINA,UNIVERSITARY,ENGINEERING,,3.1,4042.1,12.2,
368,35,FEMENINO,BRAZIL,UNIVERSITARY,ENGINEERING,DATA,2.9,3631.3,17,
369,38,FEMENINO,ARGENTINA,POST_GRADUATE,COMMERCIAL,PROGRAMACION,3.3,4529.3,24,
370,37,MASCULINO,ARGENTINA,UNIVERSITARY,DEVELOPMENT,EJECUTIVO,3.5,4530.8,21,
371,30,,MEXICO,UNIVERSITARY,BUSINESS,PROGRAMACION,4.3,5066.4,10.9,
372,33,MASCULINO,BRAZIL,,ENGINEERING,DATA,3.9,4740.3,14.1,
373,40,MASCULINO,ARGENTINA,POST_GRADUATE,ENGINEERING,,,,,
374,44,MASCULINO,,UNIVERSITARY,DEVELOPMENT,DATA,3.3,4532.5,27.2,
375,23,FEMENINO,ARGENTINA,UNIVERSITARY,DEVELOPMENT,DATA,3.2,4212.1,2.4,
376,29,MASCULINO,ARGENTINA,UNIVERSITARY,ENGINEERING,,,4505.5,8.7,
377,37,MASCULINO,ARGENTINA,UNIVERSITARY,COMMERCIAL,PROGRAMACION,3.7,4631.6,,
378,29,FEMENINO,ARGENTINA,POST_GRADUATE,ENGINEERING,PROGRAMACION,3.4,4607.1,7.3,
379,32,FEMENINO,MEXICO,,,,3.2,4200.9,12.5,
380,39,MASCULINO,ARGENTINA,POST_GRADUATE,ENGINEERING,,3.7,4655.7,,
381,34,FEMENINO,ARGENTINA,,COMMERCIAL,PROGRAMACION,3.9,4680.9,17.2,
382,39,MASCULINO,ARGENTINA,POST_GRADUATE,ENGINEERING,DATA,4,4780.2,23.6,
383,35,MASCULINO,BRAZIL,,ENGINEERING,PROGRAMACION,2.8,3253.8,17.7,
384,31,MASCULINO,ARGENTINA,UNIVERSITARY,ENGINEERING,,3.1,4038.8,,
385,36,MASCULINO,ARGENTINA,TERTIARY,COMMERCIAL,PROGRAMACION,2.9,3639.4,19.9,
386,44,MASCULINO,ARGENTINA,UNIVERSITARY,,,3.1,,28.8,
387,45,MASCULINO,,UNIVERSITARY,MARKETING,DATA,3.7,4701,,
388,25,FEMENINO,ARGENTINA,,ENGINEERING,MARKETING,4.1,4718.2,2.6,
389,41,MASCULINO,MEXICO,UNIVERSITARY,MARKETING,PROGRAMACION,3.7,4661.2,25.2,
390,40,MASCULINO,,UNIVERSITARY,,PROGRAMACION,2.9,3586.4,25.2,
391,44,,ARGENTINA,POST_GRADUATE,MARKETING,DATA,3,3824.1,28.7,
392,,MASCULINO,ARGENTINA,,ENGINEERING,MARKETING,3.6,4573.8,,
393,,FEMENINO,,UNIVERSITARY,ENGINEERING,PROGRAMACION,3.6,4545.5,16.6,
394,,,BRAZIL,UNIVERSITARY,DEVELOPMENT,DATA,,4505,16.9,
395,,FEMENINO,BRAZIL,UNIVERSITARY,ENGINEERING,PROGRAMACION,3.2,4347.4,20.7,
396,33,MASCULINO,ARGENTINA,UNIVERSITARY,ENGINEERING,PROGRAMACION,,4444.1,16.1,
397,43,MASCULINO,ARGENTINA,UNIVERSITARY,COMMERCIAL,PROGRAMACION,2.6,2587.5,27.7,
398,34,MASCULINO,ARGENTINA,UNIVERSITARY,,PROGRAMACION,3.5,4605.8,15.4,
399,32,MASCULINO,ARGENTINA,UNIVERSITARY,BUSINESS,,3.7,4732.1,12.7,
400,33,MASCULINO,ARGENTINA,UNIVERSITARY,ENGINEERING,DATA,3.8,,15,
401,40,MASCULINO,ARGENTINA,POST_GRADUATE,DEVELOPMENT,PROGRAMACION,,5598.3,24.3,
402,36,MASCULINO,ARGENTINA,POST_GRADUATE,COMMERCIAL,DATA,,4468,18.3,
403,41,MASCULINO,ARGENTINA,UNIVERSITARY,COMMERCIAL,PROGRAMACION,,4474.5,26,
404,42,MASCULINO,,POST_GRADUATE,COMMERCIAL,PROGRAMACION,3,,26.3,
405,25,FEMENINO,BRAZIL,UNIVERSITARY,,MARKETING,3.1,4018.9,4.4,
406,31,FEMENINO,ARGENTINA,,DEVELOPMENT,PROGRAMACION,3.8,4567.7,9.7,
407,31,MASCULINO,BRAZIL,UNIVERSITARY,ENGINEERING,PROGRAMACION,3,,10.8,
408,41,FEMENINO,ARGENTINA,POST_GRADUATE,ENGINEERING,PROGRAMACION,3.1,4179.2,26.2,
409,31,,BRAZIL,POST_GRADUATE,DEVELOPMENT,PROGRAMACION,3.2,4299.6,12.9,
410,,FEMENINO,ARGENTINA,POST_GRADUATE,MARKETING,DATA,3.7,4556.6,7.7,
411,35,MASCULINO,ARGENTINA,POST_GRADUATE,DEVELOPMENT,DATA,3.6,4728.4,,
412,37,FEMENINO,ARGENTINA,UNIVERSITARY,ENGINEERING,DATA,3.3,4470,20.8,
413,40,MASCULINO,,UNIVERSITARY,COMMERCIAL,MARKETING,2.8,3181.1,25.4,
414,30,MASCULINO,MEXICO,POST_GRADUATE,ENGINEERING,MARKETING,,4557.7,10.5,
415,,MASCULINO,MEXICO,UNIVERSITARY,,DATA,3.5,4539.3,18.4,
416,33,FEMENINO,ARGENTINA,UNIVERSITARY,ENGINEERING,EJECUTIVO,4,4817.3,14,
417,32,MASCULINO,ARGENTINA,UNIVERSITARY,DEVELOPMENT,PROGRAMACION,,3811.1,,
418,46,MASCULINO,ARGENTINA,UNIVERSITARY,COMMERCIAL,DATA,,4784.4,29.1,
419,,MASCULINO,MEXICO,TERTIARY,COMMERCIAL,PROGRAMACION,3.5,4550.5,14.4,
420,30,MASCULINO,ARGENTINA,UNIVERSITARY,ENGINEERING,PROGRAMACION,3.2,4359.3,9.2,
421,45,MASCULINO,MEXICO,UNIVERSITARY,COMMERCIAL,EJECUTIVO,3.8,4679.5,29.5,
422,38,FEMENINO,ARGENTINA,TERTIARY,MARKETING,PROGRAMACION,3.4,4550.7,21.8,
423,29,FEMENINO,MEXICO,UNIVERSITARY,COMMERCIAL,MARKETING,3.6,,8.5,
424,30,,,UNIVERSITARY,DEVELOPMENT,PROGRAMACION,3.1,4060,10.5,
425,,MASCULINO,ARGENTINA,,ENGINEERING,PROGRAMACION,3.5,4669.3,9.9,
426,29,,ARGENTINA,,,DATA,3.6,4619.4,,
427,42,FEMENINO,BRAZIL,,ENGINEERING,PROGRAMACION,3.1,,27.8,
428,27,MASCULINO,,,BUSINESS,DATA,3.5,4698.6,5.5,
429,39,MASCULINO,MEXICO,,COMMERCIAL,PROGRAMACION,3.1,4144.8,23.6,
430,40,FEMENINO,ARGENTINA,UNIVERSITARY,DEVELOPMENT,PROGRAMACION,3.7,4723.2,25.7,
431,,MASCULINO,ARGENTINA,UNIVERSITARY,ENGINEERING,PROGRAMACION,3.6,4612.8,19.4,
432,36,MASCULINO,ARGENTINA,UNIVERSITARY,DEVELOPMENT,PROGRAMACION,,4627.3,20.5,
433,39,FEMENINO,ARGENTINA,UNIVERSITARY,,PROGRAMACION,3.8,4724.9,23.4,
434,,,ARGENTINA,POST_GRADUATE,DEVELOPMENT,PROGRAMACION,3.5,4524.6,9.9,
435,,MASCULINO,ARGENTINA,UNIVERSITARY,DEVELOPMENT,,3.7,4594.2,18.2,
436,35,FEMENINO,MEXICO,POST_GRADUATE,,DATA,,4624.8,17.8,
437,34,FEMENINO,ARGENTINA,,,DATA,3.5,4580.2,15.8,
438,,FEMENINO,ARGENTINA,UNIVERSITARY,ENGINEERING,PROGRAMACION,,2916.8,11.5,
439,,MASCULINO,ARGENTINA,UNIVERSITARY,DEVELOPMENT,PROGRAMACION,3.3,4535.9,15.1,
440,37,MASCULINO,MEXICO,UNIVERSITARY,COMMERCIAL,PROGRAMACION,3.6,,20.8,
441,37,MASCULINO,ARGENTINA,UNIVERSITARY,DEVELOPMENT,PROGRAMACION,3.5,4543.1,22.5,
442,51,MASCULINO,MEXICO,TERTIARY,,PROGRAMACION,,4566.1,29.6,
443,37,FEMENINO,ARGENTINA,UNIVERSITARY,ENGINEERING,PROGRAMACION,2.9,3642.3,22.5,
444,33,MASCULINO,ARGENTINA,POST_GRADUATE,ENGINEERING,DATA,3.4,4506.9,,
445,31,MASCULINO,ARGENTINA,UNIVERSITARY,,PROGRAMACION,3.7,4632.2,,
446,38,MASCULINO,ARGENTINA,,COMMERCIAL,PROGRAMACION,3.7,4715.8,21.2,
447,,,ARGENTINA,UNIVERSITARY,MARKETING,PROGRAMACION,3.3,4358.9,10.2,
448,40,FEMENINO,ARGENTINA,POST_GRADUATE,COMMERCIAL,DATA,3.3,4423.7,,
449,31,FEMENINO,ARGENTINA,UNIVERSITARY,COMMERCIAL,PROGRAMACION,,4528.8,,
450,35,MASCULINO,ARGENTINA,POST_GRADUATE,MARKETING,EJECUTIVO,3.1,4049.5,19.2,
451,37,FEMENINO,ARGENTINA,TERTIARY,DEVELOPMENT,MARKETING,3.4,4526,20,
452,30,FEMENINO,ARGENTINA,UNIVERSITARY,DEVELOPMENT,MARKETING,3.8,,9.6,
453,34,MASCULINO,ARGENTINA,UNIVERSITARY,DEVELOPMENT,MARKETING,3.7,,16,
454,32,FEMENINO,ARGENTINA,UNIVERSITARY,COMMERCIAL,,3.5,4529.9,12.5,
455,35,MASCULINO,BRAZIL,UNIVERSITARY,ENGINEERING,,3.1,4061.2,17.1,
456,38,,ARGENTINA,UNIVERSITARY,COMMERCIAL,MARKETING,,4459.2,21.2,
457,39,MASCULINO,MEXICO,UNIVERSITARY,ENGINEERING,PROGRAMACION,3.6,4566.4,25.1,
458,33,MASCULINO,ARGENTINA,POST_GRADUATE,COMMERCIAL,PROGRAMACION,,4555.2,16.1,
459,38,MASCULINO,BRAZIL,UNIVERSITARY,ENGINEERING,EJECUTIVO,3.2,4338.7,23,
460,31,MASCULINO,ARGENTINA,UNIVERSITARY,DEVELOPMENT,PROGRAMACION,3.9,4591.2,10.4,
461,38,FEMENINO,MEXICO,,BUSINESS,EJECUTIVO,3.7,4581.6,22.7,
462,26,MASCULINO,ARGENTINA,TERTIARY,MARKETING,PROGRAMACION,3.3,4353,4.3,
463,27,FEMENINO,ARGENTINA,UNIVERSITARY,COMMERCIAL,PROGRAMACION,3.8,,,
464,29,MASCULINO,BRAZIL,,,PROGRAMACION,3.5,,7.1,
465,,MASCULINO,,UNIVERSITARY,COMMERCIAL,,4.1,4838.8,27.6,
466,40,MASCULINO,ARGENTINA,UNIVERSITARY,,PROGRAMACION,3.3,4497.9,,
467,38,FEMENINO,,TERTIARY,ENGINEERING,EJECUTIVO,4.3,5143.1,22.4,
468,41,MASCULINO,BRAZIL,,COMMERCIAL,PROGRAMACION,,4394.1,26.3,
469,30,MASCULINO,ARGENTINA,UNIVERSITARY,ENGINEERING,,2.7,,10.9,
470,30,MASCULINO,ARGENTINA,UNIVERSITARY,ENGINEERING,DATA,3.9,4727.7,9.3,
471,38,FEMENINO,ARGENTINA,POST_GRADUATE,ENGINEERING,EJECUTIVO,3.8,4600.6,22.7,
472,35,,ARGENTINA,UNIVERSITARY,COMMERCIAL,MARKETING,3.5,4608.3,,
473,33,FEMENINO,ARGENTINA,UNIVERSITARY,ENGINEERING,DATA,3,3943,15.5,
474,36,MASCULINO,MEXICO,POST_GRADUATE,,DATA,3.7,4736.6,19.5,
475,40,MASCULINO,ARGENTINA,,DEVELOPMENT,DATA,3.8,4687.5,25.2,
476,27,FEMENINO,MEXICO,UNIVERSITARY,MARKETING,MARKETING,2.9,,5.6,
477,41,MASCULINO,ARGENTINA,,COMMERCIAL,PROGRAMACION,3.6,4682.5,24.7,
478,,FEMENINO,,UNIVERSITARY,ENGINEERING,MARKETING,3.5,4661.2,17.8,
479,36,MASCULINO,BRAZIL,,ENGINEERING,PROGRAMACION,3.5,4598.6,,
480,39,MASCULINO,BRAZIL,UNIVERSITARY,COMMERCIAL,PROGRAMACION,,5442.5,22.5,
481,44,MASCULINO,,POST_GRADUATE,DEVELOPMENT,DATA,2.8,3198,,
482,,FEMENINO,ARGENTINA,POST_GRADUATE,COMMERCIAL,PROGRAMACION,3.6,4695.7,8,
483,39,MASCULINO,ARGENTINA,UNIVERSITARY,ENGINEERING,EJECUTIVO,3.5,4637.5,23.4,
484,32,FEMENINO,MEXICO,UNIVERSITARY,DEVELOPMENT,DATA,,3528.8,13.7,
485,41,MASCULINO,MEXICO,,ENGINEERING,PROGRAMACION,3.7,4632.5,25.6,
486,37,FEMENINO,MEXICO,UNIVERSITARY,COMMERCIAL,DATA,3.8,4668,21.2,
487,41,,ARGENTINA,UNIVERSITARY,ENGINEERING,EJECUTIVO,3.9,,27.6,
488,32,,BRAZIL,,ENGINEERING,,2.9,3641.5,14.9,
489,35,MASCULINO,,,ENGINEERING,PROGRAMACION,3.5,,18.5,
490,28,MASCULINO,MEXICO,UNIVERSITARY,COMMERCIAL,PROGRAMACION,3.6,4647.7,8.5,
491,39,MASCULINO,ARGENTINA,UNIVERSITARY,ENGINEERING,PROGRAMACION,,,23.5,
492,38,MASCULINO,BRAZIL,UNIVERSITARY,COMMERCIAL,MARKETING,3.3,4354.2,23.5,
493,37,MASCULINO,,POST_GRADUATE,DEVELOPMENT,PROGRAMACION,2.9,3626.4,22.2,
494,38,MASCULINO,,,,PROGRAMACION,,4248.3,22.4,
495,41,FEMENINO,ARGENTINA,UNIVERSITARY,DEVELOPMENT,DATA,3.9,4765.1,24.7,
496,40,FEMENINO,,UNIVERSITARY,ENGINEERING,EJECUTIVO,4.2,5025,24.8,
497,34,FEMENINO,BRAZIL,UNIVERSITARY,BUSINESS,DATA,2.9,3523.7,16.1,
498,,MASCULINO,BRAZIL,,MARKETING,,3.3,,,
499,,FEMENINO,ARGENTINA,UNIVERSITARY,ENGINEERING,DATA,3.4,4498.9,14.8,
500,,FEMENINO,BRAZIL,POST_GRADUATE,DEVELOPMENT,DATA,3.3,,,
501,,MASCULINO,ARGENTINA,UNIVERSITARY,COMMERCIAL,DATA,3.3,,7.3,
502,30,,,UNIVERSITARY,COMMERCIAL,DATA,4.4,5449.5,9.7,
503,26,FEMENINO,ARGENTINA,UNIVERSITARY,,PROGRAMACION,3,3941.8,,
504,29,MASCULINO,MEXICO,UNIVERSITARY,COMMERCIAL,,,,8.7,
505,36,MASCULINO,ARGENTINA,UNIVERSITARY,DEVELOPMENT,,3.1,4191.2,,
506,29,MASCULINO,MEXICO,,DEVELOPMENT,DATA,3,3909.2,8.5,
507,32,FEMENINO,ARGENTINA,,ENGINEERING,,3.5,4668,,
508,,MASCULINO,,TERTIARY,COMMERCIAL,,3.1,4027.8,24,
509,37,MASCULINO,ARGENTINA,UNIVERSITARY,BUSINESS,,4.5,5612.3,20.5,
510,34,,ARGENTINA,POST_GRADUATE,COMMERCIAL,DATA,3.5,4639.8,16.6,
511,27,MASCULINO,ARGENTINA,TERTIARY,MARKETING,PROGRAMACION,3.7,4662.5,5.7,
512,36,FEMENINO,ARGENTINA,,BUSINESS,DATA,3.3,4431.4,19.2,
513,36,MASCULINO,BRAZIL,,COMMERCIAL,MARKETING,3.2,4347.4,18.6,
514,29,FEMENINO,,POST_GRADUATE,BUSINESS,PROGRAMACION,3.3,4396.9,8.2,
515,35,MASCULINO,ARGENTINA,UNIVERSITARY,ENGINEERING,PROGRAMACION,3.4,,17.7,
516,,FEMENINO,BRAZIL,TERTIARY,,DATA,2.9,,11.1,
517,36,MASCULINO,ARGENTINA,POST_GRADUATE,COMMERCIAL,PROGRAMACION,3.4,4533.9,19.5,
518,28,MASCULINO,BRAZIL,TERTIARY,,,3.1,,7.4,
519,43,MASCULINO,ARGENTINA,UNIVERSITARY,COMMERCIAL,DATA,3.6,4673.4,27.9,
520,33,MASCULINO,BRAZIL,UNIVERSITARY,DEVELOPMENT,PROGRAMACION,,4444.6,13.3,
521,29,MASCULINO,,,MARKETING,MARKETING,4.2,,8.9,
522,38,MASCULINO,BRAZIL,UNIVERSITARY,DEVELOPMENT,PROGRAMACION,,4603.8,23.7,
523,38,MASCULINO,MEXICO,UNIVERSITARY,,,3.2,4195.2,24.1,
524,42,MASCULINO,ARGENTINA,UNIVERSITARY,ENGINEERING,PROGRAMACION,3.3,4399.1,25.7,
525,35,MASCULINO,BRAZIL,UNIVERSITARY,COMMERCIAL,PROGRAMACION,3,3861.2,,
526,,MASCULINO,,UNIVERSITARY,,DATA,,4366.7,18.4,
527,38,FEMENINO,MEXICO,POST_GRADUATE,COMMERCIAL,DATA,3.5,4508.2,21.7,
528,27,MASCULINO,ARGENTINA,UNIVERSITARY,DEVELOPMENT,,3.8,,5.9,
529,36,MASCULINO,MEXICO,,ENGINEERING,PROGRAMACION,3.6,4642.5,19.5,
530,32,FEMENINO,BRAZIL,,ENGINEERING,PROGRAMACION,3.3,,13.7,
531,35,MASCULINO,BRAZIL,POST_GRADUATE,DEVELOPMENT,MARKETING,3.6,4686.9,18.3,
532,,MASCULINO,MEXICO,UNIVERSITARY,,,3.6,,22.7,
533,33,MASCULINO,ARGENTINA,UNIVERSITARY,DEVELOPMENT,MARKETING,3.6,,14.1,
534,35,FEMENINO,,TERTIARY,ENGINEERING,PROGRAMACION,,4449.4,18,
535,33,MASCULINO,,UNIVERSITARY,,,,4642.7,14.6,
536,,MASCULINO,BRAZIL,POST_GRADUATE,ENGINEERING,DATA,,4624.9,13.6,
537,38,,MEXICO,,DEVELOPMENT,DATA,2.5,2219.7,22.9,
538,38,MASCULINO,BRAZIL,UNIVERSITARY,ENGINEERING,PROGRAMACION,2.9,3573,23.7,
539,35,FEMENINO,ARGENTINA,POST_GRADUATE,ENGINEERING,DATA,,5295.5,17.3,
540,35,MASCULINO,,POST_GRADUATE,COMMERCIAL,PROGRAMACION,3.4,4561.7,18.6,
541,33,FEMENINO,ARGENTINA,UNIVERSITARY,,DATA,4,4739.8,14.5,
542,34,FEMENINO,ARGENTINA,TERTIARY,ENGINEERING,PROGRAMACION,3.7,4568.6,14.6,
543,,MASCULINO,MEXICO,UNIVERSITARY,DEVELOPMENT,DATA,3.1,4099.3,23.7,
544,31,MASCULINO,MEXICO,UNIVERSITARY,DEVELOPMENT,DATA,3.1,4121.4,13,
545,,FEMENINO,ARGENTINA,UNIVERSITARY,,PROGRAMACION,3.6,4580,13.6,
546,36,MASCULINO,ARGENTINA,POST_GRADUATE,DEVELOPMENT,,3.9,4743.4,19.8,
547,41,MASCULINO,ARGENTINA,,DEVELOPMENT,MARKETING,,4720.8,26.7,
548,27,FEMENINO,,TERTIARY,COMMERCIAL,,4,4702,5.6,
549,31,MASCULINO,MEXICO,UNIVERSITARY,COMMERCIAL,DATA,4.1,4848.4,11.7,
550,31,MASCULINO,ARGENTINA,POST_GRADUATE,COMMERCIAL,PROGRAMACION,3.6,4671.3,11.2,
551,38,MASCULINO,BRAZIL,,COMMERCIAL,PROGRAMACION,4.1,4836,21.8,
552,36,MASCULINO,MEXICO,UNIVERSITARY,DEVELOPMENT,DATA,3.5,4668.6,18.8,
553,,,ARGENTINA,POST_GRADUATE,ENGINEERING,DATA,3.5,4549.7,13.7,
554,28,MASCULINO,ARGENTINA,,COMMERCIAL,,3.2,4332.3,7.2,
555,42,,MEXICO,UNIVERSITARY,BUSINESS,,,4691.8,,
556,37,MASCULINO,ARGENTINA,UNIVERSITARY,COMMERCIAL,PROGRAMACION,,4505.8,19.7,
557,28,FEMENINO,ARGENTINA,,ENGINEERING,PROGRAMACION,3.7,4731.4,7.2,
558,40,MASCULINO,BRAZIL,POST_GRADUATE,,PROGRAMACION,3.6,4604.6,26.1,
559,34,MASCULINO,ARGENTINA,UNIVERSITARY,ENGINEERING,,,4734.3,17.4,
560,37,MASCULINO,MEXICO,POST_GRADUATE,COMMERCIAL,DATA,3.5,4698.8,21.7,
561,33,MASCULINO,,POST_GRADUATE,COMMERCIAL,MARKETING,3.8,4589.8,15.7,
562,,FEMENINO,,POST_GRADUATE,DEVELOPMENT,,,4627.2,30.5,
563,,MASCULINO,ARGENTINA,,DEVELOPMENT,DATA,4,,13.2,
564,42,MASCULINO,ARGENTINA,UNIVERSITARY,COMMERCIAL,,2.7,2841.3,,
565,38,,ARGENTINA,POST_GRADUATE,COMMERCIAL,PROGRAMACION,3.6,4564.9,22.6,
566,31,FEMENINO,MEXICO,UNIVERSITARY,DEVELOPMENT,DATA,3.5,4641.7,13.3,
567,,FEMENINO,ARGENTINA,,ENGINEERING,PROGRAMACION,2.9,3510.9,21.9,
568,35,MASCULINO,ARGENTINA,,COMMERCIAL,PROGRAMACION,3.2,4370.4,18.2,
569,29,MASCULINO,BRAZIL,POST_GRADUATE,ENGINEERING,MARKETING,2.8,3313.4,7.3,
570,26,MASCULINO,ARGENTINA,UNIVERSITARY,MARKETING,MARKETING,2.9,3501.5,3.7,
571,43,MASCULINO,BRAZIL,UNIVERSITARY,COMMERCIAL,,3.6,4624.3,28,
572,,FEMENINO,MEXICO,UNIVERSITARY,MARKETING,PROGRAMACION,3.2,4389.3,25.5,
573,38,FEMENINO,ARGENTINA,POST_GRADUATE,,MARKETING,3.3,4441.5,22.3,
574,30,MASCULINO,MEXICO,TERTIARY,ENGINEERING,PROGRAMACION,3.1,4089,9.1,
575,31,FEMENINO,,TERTIARY,COMMERCIAL,PROGRAMACION,,3763.8,10.5,
576,37,MASCULINO,,UNIVERSITARY,ENGINEERING,,3.8,4603.9,19.4,
577,40,MASCULINO,ARGENTINA,UNIVERSITARY,ENGINEERING,DATA,3.3,,24.4,
578,40,FEMENINO,BRAZIL,UNIVERSITARY,DEVELOPMENT,,3.6,4535.2,25.7,
579,,MASCULINO,ARGENTINA,TERTIARY,MARKETING,PROGRAMACION,2.8,3145.5,7.6,
580,43,MASCULINO,MEXICO,POST_GRADUATE,MARKETING,PROGRAMACION,3.2,4253.4,27.7,
581,32,MASCULINO,ARGENTINA,UNIVERSITARY,COMMERCIAL,PROGRAMACION,4,4696.2,14.1,
582,35,FEMENINO,MEXICO,POST_GRADUATE,ENGINEERING,MARKETING,3.7,4734.5,17.2,
583,27,FEMENINO,BRAZIL,,COMMERCIAL,DATA,,4536,4.9,
584,35,FEMENINO,,UNIVERSITARY,COMMERCIAL,DATA,,4613.4,18.4,
585,24,,ARGENTINA,,DEVELOPMENT,DATA,3.6,4541.4,3.6,
586,33,MASCULINO,,UNIVERSITARY,,DATA,,4688.8,15.1,
587,37,FEMENINO,MEXICO,,,PROGRAMACION,3.2,4325.8,21,
588,43,MASCULINO,ARGENTINA,POST_GRADUATE,ENGINEERING,,3.5,4634.4,29.7,
589,31,MASCULINO,BRAZIL,UNIVERSITARY,,DATA,3.3,4405.4,13.1,
590,28,FEMENINO,ARGENTINA,TERTIARY,DEVELOPMENT,MARKETING,3.9,4603.7,8.2,
591,,MASCULINO,ARGENTINA,,DEVELOPMENT,PROGRAMACION,,3892.3,14.1,
592,30,MASCULINO,ARGENTINA,POST_GRADUATE,COMMERCIAL,MARKETING,3.2,4251.6,,
593,34,MASCULINO,,TERTIARY,DEVELOPMENT,,3.1,4105.8,15.9,
594,24,MASCULINO,ARGENTINA,UNIVERSITARY,,DATA,2.9,3567.6,3.9,
595,36,MASCULINO,ARGENTINA,UNIVERSITARY,MARKETING,DATA,3.5,4673.4,21,
596,33,MASCULINO,ARGENTINA,TERTIARY,ENGINEERING,MARKETING,3,3957.3,,
597,32,MASCULINO,ARGENTINA,UNIVERSITARY,ENGINEERING,DATA,3.2,,13.1,
598,,MASCULINO,ARGENTINA,,COMMERCIAL,,3.1,4164.1,8.8,
599,38,,BRAZIL,,COMMERCIAL,,3.4,4618.9,23.9,
600,,,ARGENTINA,,COMMERCIAL,PROGRAMACION,4.5,5583.9,13.5,
601,30,,ARGENTINA,POST_GRADUATE,COMMERCIAL,MARKETING,5.2,9048.8,10.8,
602,32,,ARGENTINA,,ENGINEERING,,,4630.1,13.9,
603,34,MASCULINO,ARGENTINA,UNIVERSITARY,ENGINEERING,DATA,3.3,4367.9,,
604,33,FEMENINO,ARGENTINA,UNIVERSITARY,ENGINEERING,EJECUTIVO,3.7,4704.6,14.9,
605,37,MASCULINO,ARGENTINA,UNIVERSITARY,ENGINEERING,,,4731,20.7,
606,32,MASCULINO,BRAZIL,POST_GRADUATE,COMMERCIAL,DATA,,,12.5,
607,44,MASCULINO,MEXICO,,ENGINEERING,,,,28,
608,37,FEMENINO,BRAZIL,UNIVERSITARY,ENGINEERING,PROGRAMACION,4.1,4759.3,20.2,
609,29,MASCULINO,ARGENTINA,UNIVERSITARY,MARKETING,DATA,4.1,4760,7.9,
610,38,FEMENINO,,UNIVERSITARY,DEVELOPMENT,MARKETING,3.4,4548.4,23.3,
611,32,,ARGENTINA,UNIVERSITARY,,MARKETING,3.6,4554.7,,
612,40,,ARGENTINA,POST_GRADUATE,MARKETING,DATA,3.7,,25.1,
613,33,MASCULINO,ARGENTINA,UNIVERSITARY,DEVELOPMENT,PROGRAMACION,4,4776.3,,
614,35,MASCULINO,ARGENTINA,TERTIARY,ENGINEERING,PROGRAMACION,3.9,,18.5,
615,37,MASCULINO,BRAZIL,POST_GRADUATE,ENGINEERING,PROGRAMACION,3.7,4729.6,20.7,
616,,MASCULINO,BRAZIL,UNIVERSITARY,,MARKETING,3.4,4484.8,5.5,
617,35,MASCULINO,ARGENTINA,UNIVERSITARY,COMMERCIAL,PROGRAMACION,3.6,4586,16.8,
618,36,MASCULINO,MEXICO,UNIVERSITARY,ENGINEERING,DATA,3.6,4629.8,19.7,
619,30,MASCULINO,MEXICO,,ENGINEERING,MARKETING,4.2,4842.6,10.8,
620,37,FEMENINO,,UNIVERSITARY,,,3.8,,19.7,
621,39,,MEXICO,POST_GRADUATE,DEVELOPMENT,,3.7,4725.6,22.6,
622,38,FEMENINO,ARGENTINA,TERTIARY,COMMERCIAL,PROGRAMACION,4.5,5611.2,22,
623,32,MASCULINO,ARGENTINA,POST_GRADUATE,DEVELOPMENT,,3.6,4738.2,13.6,
624,39,MASCULINO,ARGENTINA,UNIVERSITARY,ENGINEERING,MARKETING,3.3,4503.5,23.4,
625,36,MASCULINO,,UNIVERSITARY,ENGINEERING,DATA,3.9,4596,20,
626,32,,,UNIVERSITARY,DEVELOPMENT,PROGRAMACION,3.5,4624.1,13.6,
627,29,MASCULINO,ARGENTINA,UNIVERSITARY,COMMERCIAL,PROGRAMACION,3.3,4379.9,,
628,43,,BRAZIL,UNIVERSITARY,DEVELOPMENT,DATA,3.9,,,
629,29,MASCULINO,BRAZIL,UNIVERSITARY,ENGINEERING,PROGRAMACION,3.2,,,
630,35,MASCULINO,ARGENTINA,POST_GRADUATE,DEVELOPMENT,DATA,3.5,4660.9,19,
631,37,MASCULINO,MEXICO,,ENGINEERING,MARKETING,,4557.3,21.8,
632,31,MASCULINO,ARGENTINA,UNIVERSITARY,ENGINEERING,PROGRAMACION,3.2,,,
633,39,FEMENINO,MEXICO,UNIVERSITARY,ENGINEERING,,,4563.3,,
634,32,FEMENINO,ARGENTINA,UNIVERSITARY,DEVELOPMENT,PROGRAMACION,4.1,4809.9,13,
635,43,MASCULINO,ARGENTINA,UNIVERSITARY,ENGINEERING,PROGRAMACION,3.5,4568,28,
636,30,MASCULINO,ARGENTINA,POST_GRADUATE,COMMERCIAL,DATA,3.4,4516.6,9.5,
637,32,FEMENINO,ARGENTINA,TERTIARY,ENGINEERING,PROGRAMACION,3.9,4729.3,12.4,
638,36,FEMENINO,BRAZIL,UNIVERSITARY,COMMERCIAL,MARKETING,3.8,4607.2,18.7,
639,30,FEMENINO,ARGENTINA,,DEVELOPMENT,DATA,4.1,4902.7,9.9,
640,27,FEMENINO,ARGENTINA,UNIVERSITARY,,DATA,3.8,,5.3,
641,26,MASCULINO,ARGENTINA,UNIVERSITARY,DEVELOPMENT,PROGRAMACION,3.2,,3.1,
642,41,MASCULINO,MEXICO,UNIVERSITARY,,PROGRAMACION,4.5,5651.8,25.4,
643,34,MASCULINO,ARGENTINA,,ENGINEERING,PROGRAMACION,,4566.6,16.2,
644,31,,MEXICO,,COMMERCIAL,MARKETING,2.9,3515.3,11.7,
645,32,MASCULINO,ARGENTINA,,COMMERCIAL,PROGRAMACION,4.3,5144.1,13.7,
646,32,,,UNIVERSITARY,ENGINEERING,DATA,3.6,4549,11.6,
647,,FEMENINO,,UNIVERSITARY,,MARKETING,4.1,4764,29.4,
648,32,FEMENINO,,UNIVERSITARY,COMMERCIAL,PROGRAMACION,3.9,4682.5,,
649,31,MASCULINO,ARGENTINA,POST_GRADUATE,DEVELOPMENT,,3.9,,12.9,
650,30,MASCULINO,BRAZIL,POST_GRADUATE,ENGINEERING,MARKETING,3.6,4559.2,10.7,
651,36,MASCULINO,MEXICO,TERTIARY,COMMERCIAL,PROGRAMACION,3.5,4640.7,19.4,
652,28,MASCULINO,,UNIVERSITARY,ENGINEERING,,3.3,4421.9,8.6,
653,32,MASCULINO,BRAZIL,,ENGINEERING,DATA,2.8,3212.6,11.6,
654,29,,MEXICO,POST_GRADUATE,DEVELOPMENT,PROGRAMACION,2.9,3619.9,8.3,
655,32,MASCULINO,,POST_GRADUATE,ENGINEERING,DATA,3.4,4584.6,13.5,
656,37,FEMENINO,MEXICO,UNIVERSITARY,DEVELOPMENT,MARKETING,4.1,4748.2,20.9,
657,38,MASCULINO,MEXICO,TERTIARY,ENGINEERING,DATA,3.7,,22.6,
658,34,,ARGENTINA,,DEVELOPMENT,PROGRAMACION,3.4,4460,16.7,
659,31,MASCULINO,ARGENTINA,TERTIARY,ENGINEERING,PROGRAMACION,3.3,4499.6,12.6,
660,33,,ARGENTINA,UNIVERSITARY,ENGINEERING,MARKETING,3.7,4578.3,14.6,
661,,MASCULINO,ARGENTINA,UNIVERSITARY,BUSINESS,PROGRAMACION,2.8,3256.6,31.6,
662,39,MASCULINO,ARGENTINA,POST_GRADUATE,COMMERCIAL,PROGRAMACION,3.6,4613.1,,
663,30,MASCULINO,ARGENTINA,UNIVERSITARY,,PROGRAMACION,3.4,4520.9,,
664,33,,,UNIVERSITARY,MARKETING,DATA,3.5,4683.8,15,
665,42,MASCULINO,,,COMMERCIAL,PROGRAMACION,3.3,4449.8,25.9,
666,33,FEMENINO,ARGENTINA,UNIVERSITARY,ENGINEERING,PROGRAMACION,3.7,4569.7,,
667,31,,BRAZIL,TERTIARY,COMMERCIAL,,3.9,4681.1,11.6,
668,37,MASCULINO,ARGENTINA,TERTIARY,ENGINEERING,PROGRAMACION,3.6,4623.6,20.2,
669,36,MASCULINO,ARGENTINA,UNIVERSITARY,,MARKETING,,,20.3,
670,31,MASCULINO,,UNIVERSITARY,COMMERCIAL,PROGRAMACION,4.5,5663.7,11,
671,27,FEMENINO,,POST_GRADUATE,DEVELOPMENT,PROGRAMACION,4.1,,5.2,
672,28,FEMENINO,,UNIVERSITARY,COMMERCIAL,PROGRAMACION,3.3,4497.8,6.5,
673,,MASCULINO,ARGENTINA,UNIVERSITARY,COMMERCIAL,PROGRAMACION,3.4,4520.2,4.6,
674,33,,ARGENTINA,UNIVERSITARY,COMMERCIAL,PROGRAMACION,3.5,4503.7,13.1,
675,40,MASCULINO,MEXICO,POST_GRADUATE,,,3.1,,23.4,
676,34,FEMENINO,,UNIVERSITARY,COMMERCIAL,DATA,2.5,2197.5,16.2,
677,34,MASCULINO,BRAZIL,,,PROGRAMACION,,4665,15.9,
678,34,MASCULINO,ARGENTINA,UNIVERSITARY,DEVELOPMENT,,3,3926.1,17.5,
679,36,MASCULINO,MEXICO,UNIVERSITARY,ENGINEERING,PROGRAMACION,3.4,4633.8,18.7,
680,31,FEMENINO,ARGENTINA,UNIVERSITARY,,DATA,3.1,4201.4,12.7,
681,40,FEMENINO,BRAZIL,POST_GRADUATE,DEVELOPMENT,DATA,3.4,4588.3,24.5,
682,,FEMENINO,,TERTIARY,ENGINEERING,DATA,3.8,4682.3,,
683,30,FEMENINO,,UNIVERSITARY,ENGINEERING,MARKETING,3.4,4477.8,8.9,
684,37,MASCULINO,ARGENTINA,POST_GRADUATE,ENGINEERING,PROGRAMACION,,4320.6,22,
685,40,MASCULINO,ARGENTINA,UNIVERSITARY,COMMERCIAL,PROGRAMACION,2.9,3490.9,25.8,
686,34,FEMENINO,MEXICO,TERTIARY,ENGINEERING,MARKETING,3.2,,16.9,
687,39,FEMENINO,,POST_GRADUATE,ENGINEERING,,3.1,4143.3,22.5,
688,29,MASCULINO,,UNIVERSITARY,COMMERCIAL,MARKETING,3.8,4707,7.5,
689,28,MASCULINO,,UNIVERSITARY,ENGINEERING,PROGRAMACION,3.5,,6.9,
690,34,FEMENINO,ARGENTINA,,DEVELOPMENT,,,,16.7,
691,40,MASCULINO,BRAZIL,POST_GRADUATE,ENGINEERING,PROGRAMACION,3.9,4750.3,26.5,
692,28,MASCULINO,BRAZIL,POST_GRADUATE,DEVELOPMENT,PROGRAMACION,3.8,4644.3,7.3,
693,35,MASCULINO,ARGENTINA,,DEVELOPMENT,PROGRAMACION,2.3,1440,18.4,
694,35,,,UNIVERSITARY,ENGINEERING,DATA,3.8,,18.1,
695,38,MASCULINO,ARGENTINA,POST_GRADUATE,COMMERCIAL,EJECUTIVO,3.9,4732.6,22.4,
696,33,MASCULINO,ARGENTINA,POST_GRADUATE,ENGINEERING,DATA,3.5,4610.3,,
697,33,FEMENINO,ARGENTINA,UNIVERSITARY,ENGINEERING,,4.3,5019.2,,
698,36,MASCULINO,MEXICO,TERTIARY,DEVELOPMENT,PROGRAMACION,3.9,,20.1,
699,29,FEMENINO,ARGENTINA,TERTIARY,COMMERCIAL,DATA,4.2,4985.4,8.2,
700,38,MASCULINO,BRAZIL,UNIVERSITARY,,,3.8,4737.9,22.5,
701,45,FEMENINO,,UNIVERSITARY,,MARKETING,3.1,4187.7,29.4,
702,37,MASCULINO,BRAZIL,UNIVERSITARY,COMMERCIAL,PROGRAMACION,3.4,4530,21.2,
703,34,MASCULINO,BRAZIL,POST_GRADUATE,DEVELOPMENT,,2.9,3658.7,17.7,
704,36,MASCULINO,,,ENGINEERING,PROGRAMACION,2.7,2910,19.9,
705,24,MASCULINO,ARGENTINA,UNIVERSITARY,ENGINEERING,,3.7,4729.4,2.7,
706,42,MASCULINO,,,ENGINEERING,PROGRAMACION,,4607.6,28.4,
707,42,MASCULINO,BRAZIL,POST_GRADUATE,COMMERCIAL,DATA,,4682.2,28.2,
708,29,MASCULINO,ARGENTINA,TERTIARY,DEVELOPMENT,PROGRAMACION,3.4,4631.6,8.6,
709,29,MASCULINO,ARGENTINA,POST_GRADUATE,COMMERCIAL,MARKETING,3,,,
710,32,MASCULINO,ARGENTINA,,,MARKETING,3.9,4654.1,13.1,
711,37,FEMENINO,ARGENTINA,,DEVELOPMENT,PROGRAMACION,,4577.2,20.7,
712,47,MASCULINO,MEXICO,UNIVERSITARY,ENGINEERING,PROGRAMACION,3.8,4593.2,29.6,
713,,FEMENINO,ARGENTINA,UNIVERSITARY,ENGINEERING,DATA,,4606.9,26.1,
714,43,MASCULINO,ARGENTINA,UNIVERSITARY,DEVELOPMENT,PROGRAMACION,3.4,4507,29.6,
715,33,MASCULINO,ARGENTINA,,ENGINEERING,EJECUTIVO,4.1,4747.9,15.6,
716,34,MASCULINO,BRAZIL,POST_GRADUATE,ENGINEERING,PROGRAMACION,2.8,3244.9,17.4,
717,36,MASCULINO,ARGENTINA,TERTIARY,ENGINEERING,PROGRAMACION,3.5,4685.3,20,
718,25,MASCULINO,ARGENTINA,POST_GRADUATE,ENGINEERING,DATA,4,4622.9,3.4,
719,28,MASCULINO,BRAZIL,POST_GRADUATE,COMMERCIAL,,2.9,3557.7,7.7,
720,42,MASCULINO,ARGENTINA,UNIVERSITARY,MARKETING,DATA,4.4,5386.5,,
721,30,MASCULINO,ARGENTINA,POST_GRADUATE,ENGINEERING,PROGRAMACION,3.3,4411.9,9.7,
722,31,MASCULINO,ARGENTINA,POST_GRADUATE,COMMERCIAL,,,,,
723,31,FEMENINO,ARGENTINA,TERTIARY,ENGINEERING,EJECUTIVO,,4832.8,12,
724,34,FEMENINO,BRAZIL,POST_GRADUATE,BUSINESS,EJECUTIVO,3.6,4683.6,15.7,
725,41,MASCULINO,ARGENTINA,UNIVERSITARY,COMMERCIAL,PROGRAMACION,3.4,4533,26.8,
726,32,MASCULINO,ARGENTINA,POST_GRADUATE,MARKETING,EJECUTIVO,4.2,4919.3,13,
727,35,MASCULINO,,UNIVERSITARY,ENGINEERING,EJECUTIVO,3.7,4582.9,17.7,
728,38,MASCULINO,,TERTIARY,ENGINEERING,DATA,3.3,4419.8,22.7,
729,32,FEMENINO,ARGENTINA,UNIVERSITARY,BUSINESS,,3.1,4040.1,13.5,
730,32,FEMENINO,ARGENTINA,UNIVERSITARY,DEVELOPMENT,DATA,3.6,4723.9,13.8,
731,41,MASCULINO,,UNIVERSITARY,DEVELOPMENT,PROGRAMACION,3.7,4669.9,26.6,
732,39,MASCULINO,MEXICO,TERTIARY,DEVELOPMENT,PROGRAMACION,3.6,4620.8,24.5,
733,32,MASCULINO,ARGENTINA,UNIVERSITARY,ENGINEERING,,3.2,4262.6,12.7,
734,,MASCULINO,ARGENTINA,,ENGINEERING,DATA,3.5,4579.3,10.2,
735,31,MASCULINO,ARGENTINA,UNIVERSITARY,DEVELOPMENT,EJECUTIVO,3.7,4643.4,11.9,
736,31,FEMENINO,BRAZIL,UNIVERSITARY,ENGINEERING,MARKETING,3.1,4182.2,11,
737,43,MASCULINO,,UNIVERSITARY,DEVELOPMENT,MARKETING,,4713.6,28.2,
738,,MASCULINO,BRAZIL,,ENGINEERING,DATA,,4009.8,22.9,
739,,MASCULINO,BRAZIL,POST_GRADUATE,DEVELOPMENT,,3.3,4538.6,25.8,
740,26,,ARGENTINA,,BUSINESS,EJECUTIVO,3.4,4436.7,,
741,36,FEMENINO,BRAZIL,UNIVERSITARY,COMMERCIAL,DATA,3.4,,,
742,35,MASCULINO,,,DEVELOPMENT,PROGRAMACION,3.9,4682.8,18.9,
743,32,,BRAZIL,POST_GRADUATE,COMMERCIAL,PROGRAMACION,3.2,4393.7,,
744,46,FEMENINO,ARGENTINA,UNIVERSITARY,COMMERCIAL,PROGRAMACION,4,,30,
745,32,FEMENINO,ARGENTINA,POST_GRADUATE,COMMERCIAL,DATA,,4682.6,13,
746,32,FEMENINO,BRAZIL,POST_GRADUATE,BUSINESS,MARKETING,3.5,4654.9,12.7,
747,31,MASCULINO,MEXICO,UNIVERSITARY,ENGINEERING,MARKETING,3.5,,11.8,
748,36,,ARGENTINA,TERTIARY,ENGINEERING,PROGRAMACION,4,4640.9,18.3,
749,29,MASCULINO,ARGENTINA,UNIVERSITARY,,,3.9,4690.6,9.8,
750,31,FEMENINO,MEXICO,,DEVELOPMENT,PROGRAMACION,4,,10.2,
751,26,MASCULINO,ARGENTINA,UNIVERSITARY,DEVELOPMENT,DATA,3.2,4335.1,4.1,
752,31,MASCULINO,ARGENTINA,UNIVERSITARY,COMMERCIAL,,3.8,4602.7,,
753,24,FEMENINO,ARGENTINA,UNIVERSITARY,DEVELOPMENT,MARKETING,3.2,,3.1,
754,41,MASCULINO,ARGENTINA,UNIVERSITARY,ENGINEERING,PROGRAMACION,4.2,5012.3,27.9,
755,26,MASCULINO,BRAZIL,UNIVERSITARY,DEVELOPMENT,DATA,3.2,,5.8,
756,34,FEMENINO,ARGENTINA,POST_GRADUATE,DEVELOPMENT,PROGRAMACION,4.3,5091.6,16.5,
757,36,MASCULINO,BRAZIL,UNIVERSITARY,COMMERCIAL,DATA,3.6,4532.2,19.8,
758,41,MASCULINO,ARGENTINA,TERTIARY,BUSINESS,DATA,,4540.8,27.3,
759,40,MASCULINO,BRAZIL,POST_GRADUATE,COMMERCIAL,MARKETING,,4357.6,25.6,
760,37,MASCULINO,MEXICO,UNIVERSITARY,DEVELOPMENT,DATA,3.5,4548,20.6,
761,34,MASCULINO,,,COMMERCIAL,PROGRAMACION,,4775.8,16.5,
762,34,MASCULINO,ARGENTINA,UNIVERSITARY,ENGINEERING,,4.3,5096.7,16.6,
763,33,MASCULINO,,UNIVERSITARY,ENGINEERING,,3.8,4713.6,14,
764,32,FEMENINO,BRAZIL,POST_GRADUATE,DEVELOPMENT,DATA,2.8,3324,13.9,
765,27,MASCULINO,MEXICO,UNIVERSITARY,COMMERCIAL,DATA,3.6,4664.9,5.8,
766,34,MASCULINO,ARGENTINA,POST_GRADUATE,DEVELOPMENT,DATA,4,,14.9,
767,,FEMENINO,ARGENTINA,UNIVERSITARY,ENGINEERING,EJECUTIVO,,4402.9,19.3,
768,32,MASCULINO,,,,MARKETING,3.6,4670.6,13.1,
769,37,MASCULINO,ARGENTINA,UNIVERSITARY,COMMERCIAL,MARKETING,,4421.6,21,
770,,MASCULINO,ARGENTINA,UNIVERSITARY,COMMERCIAL,PROGRAMACION,3.8,4603.7,15.4,
771,,MASCULINO,BRAZIL,POST_GRADUATE,ENGINEERING,DATA,3.5,4666.7,13,
772,36,FEMENINO,,TERTIARY,ENGINEERING,PROGRAMACION,,5669.2,,
773,,MASCULINO,ARGENTINA,UNIVERSITARY,,DATA,3.7,4711.9,8.3,
774,39,FEMENINO,BRAZIL,POST_GRADUATE,ENGINEERING,PROGRAMACION,3.5,4517.1,22.5,
775,27,MASCULINO,ARGENTINA,UNIVERSITARY,MARKETING,PROGRAMACION,,4495,6.7,
776,,MASCULINO,ARGENTINA,UNIVERSITARY,ENGINEERING,DATA,3.7,4660.1,13.8,
777,39,FEMENINO,BRAZIL,UNIVERSITARY,,,3.8,4590.3,24.1,
778,32,MASCULINO,ARGENTINA,TERTIARY,COMMERCIAL,PROGRAMACION,,,12.7,
779,31,MASCULINO,BRAZIL,UNIVERSITARY,,MARKETING,3.4,,11.4,
780,35,MASCULINO,ARGENTINA,,DEVELOPMENT,DATA,3.1,4050.4,16.3,
781,32,MASCULINO,BRAZIL,UNIVERSITARY,MARKETING,EJECUTIVO,,,12.4,
782,31,MASCULINO,MEXICO,TERTIARY,DEVELOPMENT,,3.9,,11.8,
783,34,FEMENINO,,UNIVERSITARY,,PROGRAMACION,,4696.6,17.4,
784,,MASCULINO,ARGENTINA,UNIVERSITARY,ENGINEERING,MARKETING,3.8,4720.1,27.6,
785,25,MASCULINO,MEXICO,UNIVERSITARY,ENGINEERING,MARKETING,3.1,4055,4.5,
786,,MASCULINO,ARGENTINA,UNIVERSITARY,MARKETING,,,5306.9,24.5,
787,34,MASCULINO,ARGENTINA,POST_GRADUATE,,DATA,3.5,4533.7,16.5,
788,,FEMENINO,,,COMMERCIAL,PROGRAMACION,,4700.1,11.9,
789,36,FEMENINO,MEXICO,UNIVERSITARY,ENGINEERING,DATA,3.5,4588.2,18.7,
790,39,FEMENINO,,UNIVERSITARY,MARKETING,DATA,,4572.5,25.2,
791,40,FEMENINO,ARGENTINA,POST_GRADUATE,MARKETING,DATA,3.4,4539.2,25.1,
792,25,FEMENINO,BRAZIL,POST_GRADUATE,ENGINEERING,PROGRAMACION,3.4,4575.8,3.3,
793,38,MASCULINO,BRAZIL,UNIVERSITARY,DEVELOPMENT,DATA,3.5,4607.8,24,
794,33,FEMENINO,ARGENTINA,POST_GRADUATE,DEVELOPMENT,PROGRAMACION,,4636.6,14.1,
795,35,MASCULINO,ARGENTINA,UNIVERSITARY,ENGINEERING,DATA,2.8,3234.9,17,
796,37,MASCULINO,,UNIVERSITARY,DEVELOPMENT,PROGRAMACION,,4601.2,21.1,
797,31,MASCULINO,BRAZIL,UNIVERSITARY,ENGINEERING,DATA,3.5,4692.2,11,
798,37,,MEXICO,POST_GRADUATE,COMMERCIAL,DATA,,,21,
799,39,MASCULINO,ARGENTINA,UNIVERSITARY,COMMERCIAL,PROGRAMACION,3,3923,24.6,
800,33,MASCULINO,ARGENTINA,UNIVERSITARY,ENGINEERING,DATA,3.7,4729.4,13.8,
801,35,MASCULINO,ARGENTINA,POST_GRADUATE,ENGINEERING,PROGRAMACION,3.2,4291.8,18.5,
802,41,MASCULINO,BRAZIL,POST_GRADUATE,ENGINEERING,DATA,4.2,4883.7,27,
803,31,,BRAZIL,POST_GRADUATE,,PROGRAMACION,3.9,4598.9,11.7,
804,36,MASCULINO,BRAZIL,UNIVERSITARY,ENGINEERING,,3.7,4647.5,20.1,
805,28,MASCULINO,ARGENTINA,UNIVERSITARY,ENGINEERING,PROGRAMACION,3.5,4691.9,7.3,
806,31,MASCULINO,ARGENTINA,,ENGINEERING,DATA,3.1,,12.5,
807,45,FEMENINO,ARGENTINA,POST_GRADUATE,ENGINEERING,DATA,3.4,4481.1,30.2,
808,35,MASCULINO,ARGENTINA,TERTIARY,BUSINESS,PROGRAMACION,3.6,4618.3,,
809,38,,ARGENTINA,UNIVERSITARY,DEVELOPMENT,PROGRAMACION,3.4,4641.5,21.3,
810,30,MASCULINO,ARGENTINA,TERTIARY,DEVELOPMENT,DATA,3.9,4689.1,10,
811,29,FEMENINO,ARGENTINA,TERTIARY,COMMERCIAL,DATA,3.9,,,
812,,FEMENINO,ARGENTINA,UNIVERSITARY,,,3.5,,15.9,
813,36,FEMENINO,MEXICO,UNIVERSITARY,DEVELOPMENT,MARKETING,,4754,21.2,
814,41,FEMENINO,MEXICO,UNIVERSITARY,,DATA,3.6,4707.1,27.2,
815,31,MASCULINO,MEXICO,UNIVERSITARY,,PROGRAMACION,2.6,2599.7,10.2,
816,28,,MEXICO,,ENGINEERING,DATA,4,4673.6,5.9,
817,34,,,UNIVERSITARY,COMMERCIAL,PROGRAMACION,4.1,4802.2,15.4,
818,38,MASCULINO,BRAZIL,UNIVERSITARY,COMMERCIAL,DATA,3.1,4070.3,21.8,
819,,,,UNIVERSITARY,MARKETING,MARKETING,3.7,4583.8,16.9,
820,,FEMENINO,MEXICO,TERTIARY,ENGINEERING,,4.1,4857.2,19.1,
821,20,MASCULINO,ARGENTINA,POST_GRADUATE,ENGINEERING,DATA,,,1,
822,47,FEMENINO,BRAZIL,UNIVERSITARY,COMMERCIAL,DATA,3.3,4457.4,29.7,
823,38,FEMENINO,ARGENTINA,TERTIARY,DEVELOPMENT,DATA,3.8,4595.2,,
824,35,,BRAZIL,TERTIARY,DEVELOPMENT,DATA,3.3,,,
825,30,FEMENINO,,POST_GRADUATE,ENGINEERING,,3.6,4696.6,10.3,
826,41,MASCULINO,,POST_GRADUATE,,DATA,3.6,4544.5,27.3,
827,26,MASCULINO,ARGENTINA,UNIVERSITARY,,PROGRAMACION,2.9,3667.4,4.2,
828,36,MASCULINO,MEXICO,,BUSINESS,DATA,3.9,4648.3,18.2,
829,25,MASCULINO,BRAZIL,UNIVERSITARY,ENGINEERING,DATA,3.2,,3.6,
830,36,MASCULINO,,UNIVERSITARY,,DATA,3.3,4499.1,,
831,29,MASCULINO,ARGENTINA,UNIVERSITARY,ENGINEERING,MARKETING,3.4,4508,,
832,42,MASCULINO,BRAZIL,UNIVERSITARY,DEVELOPMENT,DATA,3.6,4734.2,25.9,
833,,MASCULINO,BRAZIL,UNIVERSITARY,ENGINEERING,PROGRAMACION,3.2,4386.4,10.7,
834,33,FEMENINO,MEXICO,UNIVERSITARY,COMMERCIAL,DATA,,,,
835,38,MASCULINO,ARGENTINA,TERTIARY,MARKETING,PROGRAMACION,3.4,4569.3,22.7,
836,37,MASCULINO,BRAZIL,UNIVERSITARY,ENGINEERING,PROGRAMACION,4,4718.1,22.3,
837,,,,UNIVERSITARY,COMMERCIAL,PROGRAMACION,3.2,4296.7,19.4,
838,32,,ARGENTINA,UNIVERSITARY,,PROGRAMACION,3.3,4409.8,13.3,
839,,FEMENINO,MEXICO,POST_GRADUATE,COMMERCIAL,PROGRAMACION,,5129.3,16.3,
840,41,FEMENINO,ARGENTINA,UNIVERSITARY,DEVELOPMENT,PROGRAMACION,3.4,4543.8,25.7,
841,36,MASCULINO,ARGENTINA,UNIVERSITARY,,DATA,4.1,4717,20.4,
842,34,MASCULINO,ARGENTINA,UNIVERSITARY,,PROGRAMACION,,4738.6,15.4,
843,36,FEMENINO,ARGENTINA,UNIVERSITARY,DEVELOPMENT,PROGRAMACION,3.3,4500.5,20.5,
844,39,MASCULINO,,TERTIARY,DEVELOPMENT,DATA,3.6,4567.6,24.2,
845,27,MASCULINO,ARGENTINA,POST_GRADUATE,COMMERCIAL,PROGRAMACION,3.8,4598.4,6.6,
846,40,MASCULINO,,TERTIARY,COMMERCIAL,PROGRAMACION,3.7,4687.9,25.2,
847,38,,ARGENTINA,TERTIARY,ENGINEERING,PROGRAMACION,,4363.3,22.3,
848,30,FEMENINO,ARGENTINA,UNIVERSITARY,DEVELOPMENT,DATA,4.2,,,
849,33,MASCULINO,MEXICO,UNIVERSITARY,,DATA,,4687.7,15.5,
850,31,MASCULINO,ARGENTINA,POST_GRADUATE,DEVELOPMENT,PROGRAMACION,3.4,4468.4,11.9,
851,35,FEMENINO,BRAZIL,UNIVERSITARY,DEVELOPMENT,DATA,,3903.5,17.9,
852,33,,ARGENTINA,POST_GRADUATE,COMMERCIAL,DATA,4,4689.1,15,
853,34,MASCULINO,ARGENTINA,POST_GRADUATE,DEVELOPMENT,,3.3,4367.4,14.7,
854,39,,ARGENTINA,UNIVERSITARY,ENGINEERING,PROGRAMACION,,,22.7,
855,40,,ARGENTINA,TERTIARY,,PROGRAMACION,3.5,4667.7,25.8,
856,,MASCULINO,BRAZIL,UNIVERSITARY,BUSINESS,PROGRAMACION,3.1,,16.9,
857,28,MASCULINO,ARGENTINA,,COMMERCIAL,DATA,3.9,4723.7,7.3,
858,,,ARGENTINA,UNIVERSITARY,ENGINEERING,DATA,4.4,5446.7,,
859,32,MASCULINO,ARGENTINA,UNIVERSITARY,DEVELOPMENT,PROGRAMACION,3.3,4363.6,14.7,
860,32,MASCULINO,BRAZIL,UNIVERSITARY,DEVELOPMENT,PROGRAMACION,3.6,4651.7,,
861,43,MASCULINO,BRAZIL,UNIVERSITARY,ENGINEERING,PROGRAMACION,3.3,4528.1,27.7,
862,41,MASCULINO,ARGENTINA,POST_GRADUATE,MARKETING,,3.4,4529.1,26,
863,34,MASCULINO,ARGENTINA,UNIVERSITARY,ENGINEERING,,3.2,,,
864,33,FEMENINO,BRAZIL,POST_GRADUATE,COMMERCIAL,PROGRAMACION,3.5,4534.1,,
865,38,FEMENINO,ARGENTINA,TERTIARY,COMMERCIAL,PROGRAMACION,,,23.3,
866,35,MASCULINO,,UNIVERSITARY,ENGINEERING,DATA,,,16.3,
867,38,MASCULINO,,,MARKETING,PROGRAMACION,3.8,4694,24.2,
868,38,MASCULINO,ARGENTINA,POST_GRADUATE,ENGINEERING,PROGRAMACION,3.3,4481.7,22,
869,36,MASCULINO,ARGENTINA,UNIVERSITARY,,PROGRAMACION,,4677.4,20.9,
870,31,MASCULINO,ARGENTINA,UNIVERSITARY,DEVELOPMENT,PROGRAMACION,3.8,,12.2,
871,31,,,,COMMERCIAL,MARKETING,3.2,4278.2,11.2,
872,42,MASCULINO,MEXICO,UNIVERSITARY,,PROGRAMACION,3.7,4543,28.1,
873,32,MASCULINO,ARGENTINA,UNIVERSITARY,,MARKETING,3.6,4662.8,14.1,
874,38,MASCULINO,ARGENTINA,UNIVERSITARY,,DATA,,4713.1,23.6,
875,,MASCULINO,BRAZIL,TERTIARY,ENGINEERING,PROGRAMACION,,5432.3,26.5,
876,,FEMENINO,ARGENTINA,,ENGINEERING,DATA,,2470.5,,
877,,FEMENINO,ARGENTINA,UNIVERSITARY,ENGINEERING,PROGRAMACION,,4176.8,30.1,
878,35,MASCULINO,ARGENTINA,TERTIARY,COMMERCIAL,PROGRAMACION,3.3,4495.9,17.5,
879,,FEMENINO,ARGENTINA,UNIVERSITARY,COMMERCIAL,DATA,3.5,4579.1,9.1,
880,37,MASCULINO,MEXICO,POST_GRADUATE,ENGINEERING,PROGRAMACION,3.7,4663.6,21,
881,,FEMENINO,ARGENTINA,UNIVERSITARY,DEVELOPMENT,DATA,3.4,4546.7,17.4,
882,30,FEMENINO,MEXICO,UNIVERSITARY,COMMERCIAL,DATA,3.8,4654.1,,
883,28,,ARGENTINA,UNIVERSITARY,ENGINEERING,EJECUTIVO,3.7,,6.4,
884,,MASCULINO,ARGENTINA,UNIVERSITARY,COMMERCIAL,PROGRAMACION,3.6,4565.1,19.1,
885,42,MASCULINO,ARGENTINA,POST_GRADUATE,DEVELOPMENT,DATA,3.6,4568.1,26,
886,27,MASCULINO,ARGENTINA,TERTIARY,COMMERCIAL,MARKETING,3.3,4395.6,6.3,
887,25,FEMENINO,ARGENTINA,TERTIARY,,DATA,3.7,4705.2,,
888,30,,BRAZIL,TERTIARY,ENGINEERING,PROGRAMACION,4,4729.1,9.7,
889,38,FEMENINO,ARGENTINA,TERTIARY,ENGINEERING,MARKETING,3.7,,21.7,
890,27,,ARGENTINA,UNIVERSITARY,COMMERCIAL,EJECUTIVO,2.9,,,
891,,FEMENINO,ARGENTINA,UNIVERSITARY,DEVELOPMENT,DATA,,4825.5,23,
892,36,FEMENINO,BRAZIL,UNIVERSITARY,DEVELOPMENT,DATA,4.1,,20,
893,24,FEMENINO,ARGENTINA,,ENGINEERING,PROGRAMACION,3.5,4525,0.6,
894,31,,ARGENTINA,UNIVERSITARY,ENGINEERING,PROGRAMACION,,,,
895,27,MASCULINO,BRAZIL,UNIVERSITARY,BUSINESS,PROGRAMACION,3.1,4023.6,5.6,
896,31,MASCULINO,BRAZIL,UNIVERSITARY,ENGINEERING,PROGRAMACION,3.2,4198.5,,
897,38,FEMENINO,BRAZIL,UNIVERSITARY,ENGINEERING,PROGRAMACION,3.9,4770.4,,
898,39,FEMENINO,ARGENTINA,UNIVERSITARY,ENGINEERING,PROGRAMACION,3.4,4495.3,22.4,
899,36,MASCULINO,ARGENTINA,TERTIARY,COMMERCIAL,PROGRAMACION,3.4,4525.4,18.2,
900,,MASCULINO,MEXICO,UNIVERSITARY,COMMERCIAL,DATA,3.9,4613.9,8.2,
901,31,MASCULINO,ARGENTINA,UNIVERSITARY,ENGINEERING,PROGRAMACION,3.6,,10.5,
902,39,MASCULINO,BRAZIL,UNIVERSITARY,ENGINEERING,PROGRAMACION,2.7,,,
903,36,MASCULINO,BRAZIL,POST_GRADUATE,DEVELOPMENT,DATA,3.5,4529,19.3,
904,38,MASCULINO,BRAZIL,,DEVELOPMENT,DATA,4,,22.3,
905,32,MASCULINO,BRAZIL,UNIVERSITARY,COMMERCIAL,DATA,3.4,,11.5,
906,38,,ARGENTINA,,COMMERCIAL,MARKETING,,4504.8,21.6,
907,41,FEMENINO,ARGENTINA,POST_GRADUATE,ENGINEERING,DATA,3.3,4396.9,25.2,
908,,MASCULINO,ARGENTINA,TERTIARY,ENGINEERING,,4.1,,8.6,
909,35,MASCULINO,ARGENTINA,TERTIARY,ENGINEERING,DATA,,4281,16.6,
910,37,MASCULINO,ARGENTINA,,COMMERCIAL,DATA,3.2,,21.4,
911,35,FEMENINO,BRAZIL,UNIVERSITARY,DEVELOPMENT,DATA,4.1,4862.5,18.4,
912,36,MASCULINO,ARGENTINA,POST_GRADUATE,ENGINEERING,MARKETING,3.9,4666.2,19.4,
913,36,MASCULINO,,UNIVERSITARY,DEVELOPMENT,DATA,3.7,,19.6,
914,41,MASCULINO,BRAZIL,,DEVELOPMENT,PROGRAMACION,3.5,4616.9,27.2,
915,41,FEMENINO,BRAZIL,,,PROGRAMACION,,5096,26.4,
916,38,,ARGENTINA,POST_GRADUATE,ENGINEERING,PROGRAMACION,3.8,4603.7,21.2,
917,34,MASCULINO,,UNIVERSITARY,ENGINEERING,PROGRAMACION,3.8,4750.2,15.5,
918,,,,POST_GRADUATE,,,,4663.5,,
919,42,FEMENINO,ARGENTINA,UNIVERSITARY,ENGINEERING,DATA,3.8,,28.4,
920,26,MASCULINO,MEXICO,,,MARKETING,3.6,4554.2,5.1,
921,40,MASCULINO,,UNIVERSITARY,DEVELOPMENT,PROGRAMACION,,4435.3,24,
922,35,FEMENINO,ARGENTINA,UNIVERSITARY,ENGINEERING,PROGRAMACION,3.1,4101.9,,
923,37,,ARGENTINA,UNIVERSITARY,,DATA,2.7,,20.6,
924,40,MASCULINO,ARGENTINA,UNIVERSITARY,COMMERCIAL,DATA,4.2,,25,
925,45,,ARGENTINA,POST_GRADUATE,DEVELOPMENT,DATA,4.2,4888.6,,
926,29,MASCULINO,,UNIVERSITARY,ENGINEERING,PROGRAMACION,3.4,4519.1,7.3,
927,29,FEMENINO,BRAZIL,,,MARKETING,3,3804.6,7.7,
928,38,MASCULINO,ARGENTINA,TERTIARY,DEVELOPMENT,,3.4,4494.2,21,
929,,MASCULINO,ARGENTINA,UNIVERSITARY,ENGINEERING,DATA,3.3,4462.5,11.4,
930,36,MASCULINO,ARGENTINA,UNIVERSITARY,DEVELOPMENT,DATA,3.1,4077.1,,
931,,FEMENINO,ARGENTINA,UNIVERSITARY,ENGINEERING,DATA,3.2,4253.6,26,
932,36,MASCULINO,,TERTIARY,COMMERCIAL,DATA,,4535.4,18.7,
933,,FEMENINO,ARGENTINA,,ENGINEERING,DATA,3.8,4729.2,18.5,
934,31,MASCULINO,BRAZIL,POST_GRADUATE,ENGINEERING,EJECUTIVO,3.3,4416.7,12.5,
935,27,MASCULINO,ARGENTINA,,ENGINEERING,DATA,4,4712.9,5.9,
936,29,,ARGENTINA,,ENGINEERING,EJECUTIVO,3.1,,8,
937,35,FEMENINO,ARGENTINA,UNIVERSITARY,COMMERCIAL,,3.5,4563.3,17.3,
938,37,MASCULINO,BRAZIL,UNIVERSITARY,DEVELOPMENT,,3.5,4529.9,20.8,
939,41,,ARGENTINA,UNIVERSITARY,DEVELOPMENT,DATA,3.6,,25.3,
940,30,MASCULINO,ARGENTINA,UNIVERSITARY,ENGINEERING,DATA,3.6,,9.4,
941,36,FEMENINO,,POST_GRADUATE,DEVELOPMENT,MARKETING,4,4696.3,20,
942,34,FEMENINO,ARGENTINA,POST_GRADUATE,ENGINEERING,PROGRAMACION,3.6,4657.4,17.2,
943,34,MASCULINO,,UNIVERSITARY,COMMERCIAL,MARKETING,,4791,15.2,
944,31,FEMENINO,BRAZIL,UNIVERSITARY,COMMERCIAL,EJECUTIVO,3,3951.4,,
945,42,FEMENINO,,POST_GRADUATE,DEVELOPMENT,,3.8,4596.5,27.7,
946,35,MASCULINO,ARGENTINA,UNIVERSITARY,ENGINEERING,,3.5,4634.1,19.6,
947,,MASCULINO,ARGENTINA,UNIVERSITARY,ENGINEERING,PROGRAMACION,3.7,4564.3,16.9,
948,,MASCULINO,ARGENTINA,POST_GRADUATE,COMMERCIAL,,3.2,4381.9,26.1,
949,38,MASCULINO,,UNIVERSITARY,DEVELOPMENT,PROGRAMACION,3.7,4698.2,21.5,
950,38,,ARGENTINA,TERTIARY,MARKETING,DATA,3.4,4460.7,21,
951,36,MASCULINO,BRAZIL,UNIVERSITARY,ENGINEERING,,3.7,4577.5,,
952,,MASCULINO,ARGENTINA,UNIVERSITARY,,PROGRAMACION,4,,8.9,
953,36,MASCULINO,BRAZIL,UNIVERSITARY,ENGINEERING,PROGRAMACION,3.6,4687.7,19.7,
954,34,MASCULINO,,UNIVERSITARY,ENGINEERING,EJECUTIVO,3.7,4652.9,15.5,
955,32,FEMENINO,ARGENTINA,UNIVERSITARY,COMMERCIAL,,,5060.6,12.6,
956,27,MASCULINO,ARGENTINA,,COMMERCIAL,PROGRAMACION,3.4,4630.2,,
957,24,MASCULINO,ARGENTINA,POST_GRADUATE,BUSINESS,PROGRAMACION,3,3965.1,1.7,
958,38,MASCULINO,BRAZIL,TERTIARY,ENGINEERING,EJECUTIVO,,4774.4,21,
959,27,,ARGENTINA,UNIVERSITARY,ENGINEERING,DATA,3.6,4603.7,5.5,
960,29,MASCULINO,ARGENTINA,UNIVERSITARY,DEVELOPMENT,DATA,2.9,3628.5,7.7,
961,34,MASCULINO,ARGENTINA,TERTIARY,,MARKETING,3.5,,17.6,
962,37,MASCULINO,ARGENTINA,TERTIARY,DEVELOPMENT,DATA,2.9,3522,21.7,
963,,,MEXICO,UNIVERSITARY,ENGINEERING,DATA,3.4,4612.2,26.8,
964,33,,MEXICO,UNIVERSITARY,,PROGRAMACION,3.3,4352.6,14.3,
965,34,MASCULINO,,UNIVERSITARY,DEVELOPMENT,EJECUTIVO,3.4,4625.7,16,
966,32,,ARGENTINA,TERTIARY,ENGINEERING,DATA,4,4788.4,13,
967,29,FEMENINO,ARGENTINA,UNIVERSITARY,DEVELOPMENT,PROGRAMACION,,4387.7,9.3,
968,33,,ARGENTINA,TERTIARY,,PROGRAMACION,3.4,4547.7,13.9,
969,28,MASCULINO,BRAZIL,UNIVERSITARY,COMMERCIAL,PROGRAMACION,3.6,,6.2,
970,42,FEMENINO,ARGENTINA,TERTIARY,BUSINESS,EJECUTIVO,3.6,,27.9,
971,40,MASCULINO,BRAZIL,UNIVERSITARY,ENGINEERING,EJECUTIVO,3.5,4513.7,25.9,
972,38,,MEXICO,UNIVERSITARY,,DATA,3.1,4054.5,22.2,
973,34,,ARGENTINA,UNIVERSITARY,DEVELOPMENT,DATA,3,3913.7,16.2,
974,34,FEMENINO,MEXICO,POST_GRADUATE,,PROGRAMACION,3.4,4638.5,16.5,
975,34,,BRAZIL,UNIVERSITARY,DEVELOPMENT,PROGRAMACION,2.8,3221.1,16.5,
976,32,MASCULINO,ARGENTINA,TERTIARY,BUSINESS,EJECUTIVO,,5636.2,13.8,
977,29,MASCULINO,ARGENTINA,UNIVERSITARY,DEVELOPMENT,PROGRAMACION,,3885.7,10,
978,34,MASCULINO,ARGENTINA,UNIVERSITARY,,DATA,4.2,4871.6,14.5,
979,,MASCULINO,ARGENTINA,UNIVERSITARY,COMMERCIAL,PROGRAMACION,3.8,4678.4,22,
980,33,FEMENINO,MEXICO,TERTIARY,DEVELOPMENT,PROGRAMACION,4,4740.9,15.4,
981,25,,ARGENTINA,TERTIARY,,DATA,3.5,4661.4,1.7,
982,29,FEMENINO,ARGENTINA,POST_GRADUATE,COMMERCIAL,DATA,3.2,4222.8,9.6,
983,,MASCULINO,,UNIVERSITARY,DEVELOPMENT,PROGRAMACION,4.1,,,
984,30,,ARGENTINA,POST_GRADUATE,ENGINEERING,PROGRAMACION,,4641.2,9.1,
985,29,FEMENINO,,,COMMERCIAL,EJECUTIVO,3.7,4701.3,8.5,
986,31,MASCULINO,ARGENTINA,UNIVERSITARY,DEVELOPMENT,DATA,2.9,3490.8,12.1,
987,37,MASCULINO,MEXICO,UNIVERSITARY,ENGINEERING,DATA,3.4,,21.3,
988,27,MASCULINO,,POST_GRADUATE,ENGINEERING,DATA,2.5,2176.6,5.4,
989,29,FEMENINO,BRAZIL,POST_GRADUATE,ENGINEERING,,4.2,4915.4,8.7,
990,26,MASCULINO,ARGENTINA,UNIVERSITARY,DEVELOPMENT,MARKETING,2.9,3626.3,5.7,
991,33,,,,ENGINEERING,MARKETING,3.2,4391.4,14.9,
992,34,,BRAZIL,TERTIARY,ENGINEERING,PROGRAMACION,3.1,,15.3,
993,28,MASCULINO,MEXICO,UNIVERSITARY,DEVELOPMENT,MARKETING,,4574.1,6.4,
994,34,FEMENINO,,POST_GRADUATE,BUSINESS,MARKETING,3.6,4526.5,,
995,33,MASCULINO,ARGENTINA,UNIVERSITARY,COMMERCIAL,PROGRAMACION,3.6,4576.5,15.1,
996,40,MASCULINO,ARGENTINA,TERTIARY,COMMERCIAL,PROGRAMACION,3.4,4542.9,26.1,
997,,FEMENINO,ARGENTINA,UNIVERSITARY,ENGINEERING,DATA,3.4,,27.4,
998,,MASCULINO,MEXICO,UNIVERSITARY,ENGINEERING,DATA,3.7,4730.4,1.1,
999,36,,ARGENTINA,UNIVERSITARY,,PROGRAMACION,3.3,4506.5,20.4,
